,n_estimators,max_depth,min_samples_split,min_samples_leaf,max_features,random_state,num_features,selected_features,r2_train,rmse_train,r2_val,rmse_val,r2_adj
118,100,8,3,2,log2,42,2,"['rdvi_skewness', 'tex_homo_cv_4']",0.8936308653091674,0.06923516415670579,0.870722343123187,0.08094402100116532,0.8700365200097822
262,700,8,3,2,log2,42,2,"['rdvi_skewness', 'tex_homo_cv_4']",0.8953789936449487,0.06866388303445194,0.8700797730320579,0.08114493636858693,0.8693905410587531
214,500,8,3,2,log2,42,2,"['rdvi_skewness', 'tex_homo_cv_4']",0.895415760186006,0.06865181683762228,0.8696858557104842,0.08126785873578878,0.8689945339901154
151,200,3,3,2,log2,42,1,['rdvi_skewness'],0.8007270209019577,0.09476394234913932,0.8664644618176944,0.08226620610227482,0.8661111931981645
187,200,18,3,2,log2,42,5,"['rdvi_skewness', 'ref_q3_3', 'tex_homo_cv_4', 'tex_homo_kurtosis_4', 'tex_mean_q3_1']",0.9383759467265359,0.052697989094342146,0.8675833982572595,0.08192081378373875,0.8658131228328914
110,100,5,3,2,log2,42,2,"['rdvi_skewness', 'tex_homo_cv_4']",0.8496332248596371,0.08231800866129772,0.8660513499854956,0.08239335914206586,0.8653407470676467
238,500,18,3,2,log2,42,2,"['rdvi_skewness', 'tex_homo_cv_4']",0.9115807125975148,0.06312369581407586,0.8660020252852997,0.08240852784169826,0.8652911606979538
230,500,15,3,2,log2,42,2,"['rdvi_skewness', 'tex_homo_cv_4']",0.9116474494579019,0.0630998691547194,0.8658604523082989,0.08245204991984852,0.8651488366706771
343,1200,3,3,2,log2,42,1,['rdvi_skewness'],0.8009545564272089,0.09470982482130517,0.8653520171300072,0.0826081629911577,0.864995805535113
295,1000,3,3,2,log2,42,1,['rdvi_skewness'],0.8008824327212672,0.0947269822220499,0.8652094522681979,0.08265188405318595,0.8648528635175847
247,700,3,3,2,log2,42,1,['rdvi_skewness'],0.8006975370687289,0.09477095258440676,0.8650662136608523,0.08269578845671259,0.8647092459721244
163,200,8,3,2,log2,42,5,"['rdvi_skewness', 'ref_q3_3', 'tex_homo_cv_4', 'tex_homo_kurtosis_4', 'tex_mean_q3_1']",0.9308281713824789,0.055832045790463344,0.8664891301389663,0.08225860714037778,0.8647042254616798
103,100,3,3,2,log2,42,1,['rdvi_skewness'],0.800691060252915,0.09477249247761382,0.8649735139551541,0.08272418964256677,0.8646163010291095
199,500,3,3,2,log2,42,1,['rdvi_skewness'],0.8007827648379371,0.09475068695285027,0.8649144021535575,0.08274229513047196,0.8645570328470855
323,1000,15,3,2,log2,42,5,"['rdvi_skewness', 'ref_q3_3', 'tex_homo_cv_4', 'tex_homo_kurtosis_4', 'tex_mean_q3_1']",0.9385927566814544,0.05260520457922015,0.8660780947802864,0.08238513321560828,0.8642876949778838
32,25,15,3,2,log2,42,8,"['rdvi_skewness', 'ref_q3_3', 'tex_cont_cv_2', 'tex_cont_q3_4', 'tex_homo_cv_4', 'tex_homo_kurtosis_4', 'tex_dis_cv_1', 'tex_mean_q3_1']",0.9402046319672515,0.05191019792082389,0.8670250222041962,0.0820933544600872,0.8641576372382489
371,1200,15,3,2,log2,42,5,"['rdvi_skewness', 'ref_q3_3', 'tex_homo_cv_4', 'tex_homo_kurtosis_4', 'tex_mean_q3_1']",0.9387948967924157,0.052518550410455285,0.8658071860225547,0.08246841898702655,0.8640131644453162
379,1200,18,3,2,log2,42,5,"['rdvi_skewness', 'ref_q3_3', 'tex_homo_cv_4', 'tex_homo_kurtosis_4', 'tex_mean_q3_1']",0.9385564494945016,0.05262075376089918,0.865671803983848,0.08251000812976363,0.8638759724863059
331,1000,18,3,2,log2,42,5,"['rdvi_skewness', 'ref_q3_3', 'tex_homo_cv_4', 'tex_homo_kurtosis_4', 'tex_mean_q3_1']",0.9382717538105626,0.052742520717126665,0.86554410225864,0.0825492186889174,0.8637465635187822
307,1000,8,3,2,log2,42,5,"['rdvi_skewness', 'ref_q3_3', 'tex_homo_cv_4', 'tex_homo_kurtosis_4', 'tex_mean_q3_1']",0.9313152735630115,0.05563511620986583,0.8652726445552547,0.08263250742044201,0.8634714767017153
222,500,12,3,2,log2,42,2,"['rdvi_skewness', 'tex_homo_cv_4']",0.9113754425173833,0.06319692584605328,0.8641810578093833,0.08296658426955075,0.8634605329171253
355,1200,8,3,2,log2,42,5,"['rdvi_skewness', 'ref_q3_3', 'tex_homo_cv_4', 'tex_homo_kurtosis_4', 'tex_mean_q3_1']",0.9314297882631852,0.05558871800222056,0.8650930780809669,0.08268755595598291,0.8632895096061135
363,1200,12,3,2,log2,42,5,"['rdvi_skewness', 'ref_q3_3', 'tex_homo_cv_4', 'tex_homo_kurtosis_4', 'tex_mean_q3_1']",0.9380005316800415,0.05285826400203664,0.8650396547782486,0.0827039265210677,0.8632353720881183
315,1000,12,3,2,log2,42,5,"['rdvi_skewness', 'ref_q3_3', 'tex_homo_cv_4', 'tex_homo_kurtosis_4', 'tex_mean_q3_1']",0.9376990681640863,0.05298661602890584,0.8649599253460432,0.08272835207924807,0.8631545767544127
171,200,12,3,2,log2,42,5,"['rdvi_skewness', 'ref_q3_3', 'tex_homo_cv_4', 'tex_homo_kurtosis_4', 'tex_mean_q3_1']",0.9375774066116314,0.05303832705222483,0.8649339250250401,0.08273631586403613,0.8631282288355353
259,700,8,3,2,log2,42,5,"['rdvi_skewness', 'ref_q3_3', 'tex_homo_cv_4', 'tex_homo_kurtosis_4', 'tex_mean_q3_1']",0.931123230798939,0.055712839920228185,0.8649167360676772,0.08274158034574251,0.8631108100792771
123,100,12,3,2,log2,42,5,"['rdvi_skewness', 'ref_q3_3', 'tex_homo_cv_4', 'tex_homo_kurtosis_4', 'tex_mean_q3_1']",0.9361028672944537,0.0536611033598121,0.8648468265388732,0.08276298816680615,0.8630399659311041
139,100,18,3,2,log2,42,5,"['rdvi_skewness', 'ref_q3_3', 'tex_homo_cv_4', 'tex_homo_kurtosis_4', 'tex_mean_q3_1']",0.9370930624232464,0.05324369473927501,0.8648045033271711,0.08277594576594147,0.8629970769010638
64,50,8,3,2,log2,42,8,"['rdvi_skewness', 'ref_q3_3', 'tex_cont_cv_2', 'tex_cont_q3_4', 'tex_homo_cv_4', 'tex_homo_kurtosis_4', 'tex_dis_cv_1', 'tex_mean_q3_1']",0.9384455992554508,0.05266819889239261,0.8658871110696672,0.08244385629320239,0.8629951889363986
179,200,15,3,2,log2,42,5,"['rdvi_skewness', 'ref_q3_3', 'tex_homo_cv_4', 'tex_homo_kurtosis_4', 'tex_mean_q3_1']",0.9388163349216603,0.0525093518467648,0.8647502286211339,0.08279255944549402,0.8629420765973523
235,500,18,3,2,log2,42,5,"['rdvi_skewness', 'ref_q3_3', 'tex_homo_cv_4', 'tex_homo_kurtosis_4', 'tex_mean_q3_1']",0.9385224251051885,0.05263532112564807,0.8647478328726204,0.08279329271576444,0.8629396488201153
275,700,15,3,2,log2,42,5,"['rdvi_skewness', 'ref_q3_3', 'tex_homo_cv_4', 'tex_homo_kurtosis_4', 'tex_mean_q3_1']",0.9386182600760588,0.05259427956007646,0.864448031301059,0.08288500222430734,0.8626358392061533
34,25,15,3,2,log2,42,6,"['rdvi_skewness', 'ref_q3_3', 'tex_homo_cv_4', 'tex_homo_kurtosis_4', 'tex_dis_cv_1', 'tex_mean_q3_1']",0.9338730955723789,0.054589360849965844,0.8647599120218172,0.08278959556663122,0.8625844682473692
112,100,8,3,2,log2,42,8,"['rdvi_skewness', 'ref_q3_3', 'tex_cont_cv_2', 'tex_cont_q3_4', 'tex_homo_cv_4', 'tex_homo_kurtosis_4', 'tex_dis_cv_1', 'tex_mean_q3_1']",0.9387700080553117,0.05252922752289634,0.8654700921267044,0.08257193482919957,0.8625691776712155
211,500,8,3,2,log2,42,5,"['rdvi_skewness', 'ref_q3_3', 'tex_homo_cv_4', 'tex_homo_kurtosis_4', 'tex_mean_q3_1']",0.9311286596844187,0.05571064422644501,0.8642152361378064,0.08295614449753597,0.8623999318080979
283,700,18,3,2,log2,42,5,"['rdvi_skewness', 'ref_q3_3', 'tex_homo_cv_4', 'tex_homo_kurtosis_4', 'tex_mean_q3_1']",0.938403086379803,0.05268638353954151,0.8642020683891694,0.08296016674254439,0.8623865880200406
115,100,8,3,2,log2,42,5,"['rdvi_skewness', 'ref_q3_3', 'tex_homo_cv_4', 'tex_homo_kurtosis_4', 'tex_mean_q3_1']",0.9302552255366144,0.05606279559199815,0.8639886123827506,0.08302534222922713,0.8621702783236964
227,500,15,3,2,log2,42,5,"['rdvi_skewness', 'ref_q3_3', 'tex_homo_cv_4', 'tex_homo_kurtosis_4', 'tex_mean_q3_1']",0.9388190777448329,0.05250817485384523,0.8639358071193526,0.08304145760638358,0.8621167671075792
267,700,12,3,2,log2,42,5,"['rdvi_skewness', 'ref_q3_3', 'tex_homo_cv_4', 'tex_homo_kurtosis_4', 'tex_mean_q3_1']",0.9376405216385129,0.05301150693913735,0.8638934021536753,0.08305439670433953,0.8620737952305961
55,50,3,3,2,log2,42,1,['rdvi_skewness'],0.799367115728859,0.09508674291177192,0.8622044589032314,0.08356811785947063,0.8618399204347214
75,50,12,3,2,log2,42,5,"['rdvi_skewness', 'ref_q3_3', 'tex_homo_cv_4', 'tex_homo_kurtosis_4', 'tex_mean_q3_1']",0.9343250471126897,0.05440249253936558,0.8634521722117767,0.08318891051727197,0.8616266664926828
160,200,8,3,2,log2,42,8,"['rdvi_skewness', 'ref_q3_3', 'tex_cont_cv_2', 'tex_cont_q3_4', 'tex_homo_cv_4', 'tex_homo_kurtosis_4', 'tex_dis_cv_1', 'tex_mean_q3_1']",0.9397442146811514,0.05210966588996969,0.8645305715949801,0.08285976321713144,0.8616093979366508
134,100,15,3,2,log2,42,2,"['rdvi_skewness', 'tex_homo_cv_4']",0.9096902700588891,0.06379493288921143,0.8622264411497468,0.0835614518664252,0.8614955469383396
376,1200,18,3,2,log2,42,8,"['rdvi_skewness', 'ref_q3_3', 'tex_cont_cv_2', 'tex_cont_q3_4', 'tex_homo_cv_4', 'tex_homo_kurtosis_4', 'tex_dis_cv_1', 'tex_mean_q3_1']",0.9457433966864495,0.0494475996027632,0.8643932385604929,0.08290175239628833,0.8614691035429294
352,1200,8,3,2,log2,42,8,"['rdvi_skewness', 'ref_q3_3', 'tex_cont_cv_2', 'tex_cont_q3_4', 'tex_homo_cv_4', 'tex_homo_kurtosis_4', 'tex_dis_cv_1', 'tex_mean_q3_1']",0.9381414169709379,0.05279817326690701,0.8641544377568786,0.08297471445590793,0.8612251533958409
80,50,15,3,2,log2,42,8,"['rdvi_skewness', 'ref_q3_3', 'tex_cont_cv_2', 'tex_cont_q3_4', 'tex_homo_cv_4', 'tex_homo_kurtosis_4', 'tex_dis_cv_1', 'tex_mean_q3_1']",0.9442149388440256,0.05013925421704614,0.8640844455323524,0.08299608739174391,0.8611536519050177
40,25,18,3,2,log2,42,8,"['rdvi_skewness', 'ref_q3_3', 'tex_cont_cv_2', 'tex_cont_q3_4', 'tex_homo_cv_4', 'tex_homo_kurtosis_4', 'tex_dis_cv_1', 'tex_mean_q3_1']",0.9414750912628703,0.051355774789703455,0.8640604248840162,0.08300342110626958,0.8611291132912188
304,1000,8,3,2,log2,42,8,"['rdvi_skewness', 'ref_q3_3', 'tex_cont_cv_2', 'tex_cont_q3_4', 'tex_homo_cv_4', 'tex_homo_kurtosis_4', 'tex_dis_cv_1', 'tex_mean_q3_1']",0.9380986864740672,0.05281640600509276,0.864028760462564,0.08301308754179253,0.8610967660790074
328,1000,18,3,2,log2,42,8,"['rdvi_skewness', 'ref_q3_3', 'tex_cont_cv_2', 'tex_cont_q3_4', 'tex_homo_cv_4', 'tex_homo_kurtosis_4', 'tex_dis_cv_1', 'tex_mean_q3_1']",0.9458752255893741,0.04938749090768466,0.8639990100254304,0.08302216865546927,0.8610663741230138
43,25,18,3,2,log2,42,5,"['rdvi_skewness', 'ref_q3_3', 'tex_homo_cv_4', 'tex_homo_kurtosis_4', 'tex_mean_q3_1']",0.933144471990239,0.05488928513479949,0.8626276628745164,0.08343969006150231,0.8607911343033201
219,500,12,3,2,log2,42,5,"['rdvi_skewness', 'ref_q3_3', 'tex_homo_cv_4', 'tex_homo_kurtosis_4', 'tex_mean_q3_1']",0.9378529045471172,0.05292115707656908,0.8625935552052203,0.08345004788457171,0.8607565706491404
280,700,18,3,2,log2,42,8,"['rdvi_skewness', 'ref_q3_3', 'tex_cont_cv_2', 'tex_cont_q3_4', 'tex_homo_cv_4', 'tex_homo_kurtosis_4', 'tex_dis_cv_1', 'tex_mean_q3_1']",0.9455619759057797,0.049530200936321114,0.8635064519672773,0.08317237447042565,0.8605631948668412
360,1200,12,3,2,log2,42,8,"['rdvi_skewness', 'ref_q3_3', 'tex_cont_cv_2', 'tex_cont_q3_4', 'tex_homo_cv_4', 'tex_homo_kurtosis_4', 'tex_dis_cv_1', 'tex_mean_q3_1']",0.944984914827055,0.04979202716842755,0.8634559505675624,0.08318775956715867,0.8605116044881568
368,1200,15,3,2,log2,42,8,"['rdvi_skewness', 'ref_q3_3', 'tex_cont_cv_2', 'tex_cont_q3_4', 'tex_homo_cv_4', 'tex_homo_kurtosis_4', 'tex_dis_cv_1', 'tex_mean_q3_1']",0.9456233131757992,0.049502289346847375,0.8633713345968541,0.0832135311876709,0.8604251639143065
94,50,18,3,2,log2,42,2,"['rdvi_skewness', 'tex_homo_cv_4']",0.9091164524927109,0.06399728477612598,0.8610380617088863,0.083921061847161,0.8603008630972624
272,700,15,3,2,log2,42,8,"['rdvi_skewness', 'ref_q3_3', 'tex_cont_cv_2', 'tex_cont_q3_4', 'tex_homo_cv_4', 'tex_homo_kurtosis_4', 'tex_dis_cv_1', 'tex_mean_q3_1']",0.9454335142002024,0.04958860666427044,0.8630184002175039,0.08332093900785635,0.8600646190901184
256,700,8,3,2,log2,42,8,"['rdvi_skewness', 'ref_q3_3', 'tex_cont_cv_2', 'tex_cont_q3_4', 'tex_homo_cv_4', 'tex_homo_kurtosis_4', 'tex_dis_cv_1', 'tex_mean_q3_1']",0.9379916896238774,0.05286203305916888,0.8630010347979813,0.08332622021792187,0.8600468792141103
70,50,8,3,2,log2,42,2,"['rdvi_skewness', 'tex_homo_cv_4']",0.8914000004712234,0.06995742649006087,0.8607479514287951,0.08400861700562093,0.8600092137705925
320,1000,15,3,2,log2,42,8,"['rdvi_skewness', 'ref_q3_3', 'tex_cont_cv_2', 'tex_cont_q3_4', 'tex_homo_cv_4', 'tex_homo_kurtosis_4', 'tex_dis_cv_1', 'tex_mean_q3_1']",0.9457571697097064,0.04944132307489514,0.8629408327653398,0.0833445264031102,0.8599853790244307
264,700,12,3,2,log2,42,8,"['rdvi_skewness', 'ref_q3_3', 'tex_cont_cv_2', 'tex_cont_q3_4', 'tex_homo_cv_4', 'tex_homo_kurtosis_4', 'tex_dis_cv_1', 'tex_mean_q3_1']",0.9448313471529323,0.04986147282310745,0.862787704805609,0.08339107131824114,0.8598289491140857
7,25,3,3,2,log2,42,1,['rdvi_skewness'],0.7960292711351254,0.09587443928191329,0.8601084854608441,0.0842012860544808,0.8597384020890473
42,25,18,3,2,log2,42,6,"['rdvi_skewness', 'ref_q3_3', 'tex_homo_cv_4', 'tex_homo_kurtosis_4', 'tex_dis_cv_1', 'tex_mean_q3_1']",0.932802593375012,0.055029449637870265,0.8619576456409881,0.08364292612945519,0.8597371251955348
312,1000,12,3,2,log2,42,8,"['rdvi_skewness', 'ref_q3_3', 'tex_cont_cv_2', 'tex_cont_q3_4', 'tex_homo_cv_4', 'tex_homo_kurtosis_4', 'tex_dis_cv_1', 'tex_mean_q3_1']",0.9449741760416267,0.04979688656111421,0.8625516493823351,0.08346277209246003,0.8595878035469138
176,200,15,3,2,log2,42,8,"['rdvi_skewness', 'ref_q3_3', 'tex_cont_cv_2', 'tex_cont_q3_4', 'tex_homo_cv_4', 'tex_homo_kurtosis_4', 'tex_dis_cv_1', 'tex_mean_q3_1']",0.9460086266801959,0.04932659079485652,0.8624663819362899,0.08348865655743976,0.8595006974497409
128,100,15,3,2,log2,42,8,"['rdvi_skewness', 'ref_q3_3', 'tex_cont_cv_2', 'tex_cont_q3_4', 'tex_homo_cv_4', 'tex_homo_kurtosis_4', 'tex_dis_cv_1', 'tex_mean_q3_1']",0.9448026324264801,0.04987444733148532,0.8622723741231991,0.08354752123290368,0.8593025061797641
88,50,18,3,2,log2,42,8,"['rdvi_skewness', 'ref_q3_3', 'tex_cont_cv_2', 'tex_cont_q3_4', 'tex_homo_cv_4', 'tex_homo_kurtosis_4', 'tex_dis_cv_1', 'tex_mean_q3_1']",0.9448749037316806,0.04984178570105599,0.8622279090695082,0.08356100670904437,0.8592570823108991
208,500,8,3,2,log2,42,8,"['rdvi_skewness', 'ref_q3_3', 'tex_cont_cv_2', 'tex_cont_q3_4', 'tex_homo_cv_4', 'tex_homo_kurtosis_4', 'tex_dis_cv_1', 'tex_mean_q3_1']",0.9384550312462533,0.05266416355947677,0.8620937297402093,0.08360168777567092,0.8591200096267906
131,100,15,3,2,log2,42,5,"['rdvi_skewness', 'ref_q3_3', 'tex_homo_cv_4', 'tex_homo_kurtosis_4', 'tex_mean_q3_1']",0.9379279067959226,0.05288921347531305,0.8609312785692668,0.08395329957240505,0.8590720710635082
27,25,12,3,2,log2,42,5,"['rdvi_skewness', 'ref_q3_3', 'tex_homo_cv_4', 'tex_homo_kurtosis_4', 'tex_mean_q3_1']",0.9333723781347719,0.054795648265553734,0.8603402238623297,0.08413151499236307,0.8584731145556763
216,500,12,3,2,log2,42,8,"['rdvi_skewness', 'ref_q3_3', 'tex_cont_cv_2', 'tex_cont_q3_4', 'tex_homo_cv_4', 'tex_homo_kurtosis_4', 'tex_dis_cv_1', 'tex_mean_q3_1']",0.9449809128546987,0.049793838150742585,0.8611787987437842,0.08387855454808155,0.8581853496600922
155,200,5,3,2,log2,42,5,"['rdvi_skewness', 'ref_q3_3', 'tex_homo_cv_4', 'tex_homo_kurtosis_4', 'tex_mean_q3_1']",0.8924332495150298,0.06962383441789055,0.8600044253207032,0.08423259734891399,0.858132826728734
232,500,18,3,2,log2,42,8,"['rdvi_skewness', 'ref_q3_3', 'tex_cont_cv_2', 'tex_cont_q3_4', 'tex_homo_cv_4', 'tex_homo_kurtosis_4', 'tex_dis_cv_1', 'tex_mean_q3_1']",0.9453495062421801,0.04962676410997971,0.8610664476766106,0.08391249006755135,0.8580705759283973
203,500,5,3,2,log2,42,5,"['rdvi_skewness', 'ref_q3_3', 'tex_homo_cv_4', 'tex_homo_kurtosis_4', 'tex_mean_q3_1']",0.891553652187546,0.06990791966019291,0.8598101087566339,0.08429103531444773,0.8579359123496371
224,500,15,3,2,log2,42,8,"['rdvi_skewness', 'ref_q3_3', 'tex_cont_cv_2', 'tex_cont_q3_4', 'tex_homo_cv_4', 'tex_homo_kurtosis_4', 'tex_dis_cv_1', 'tex_mean_q3_1']",0.9452245022587249,0.049683488207324523,0.860832105293369,0.08398322880390265,0.8578311803401262
86,50,15,3,2,log2,42,2,"['rdvi_skewness', 'tex_homo_cv_4']",0.9094310991771447,0.06388640666419267,0.8585379109018171,0.08467263446812069,0.8577874488906861
184,200,18,3,2,log2,42,8,"['rdvi_skewness', 'ref_q3_3', 'tex_cont_cv_2', 'tex_cont_q3_4', 'tex_homo_cv_4', 'tex_homo_kurtosis_4', 'tex_dis_cv_1', 'tex_mean_q3_1']",0.9458482453503182,0.04939979876773351,0.8607465363342667,0.08400904385690773,0.857743766228267
90,50,18,3,2,log2,42,6,"['rdvi_skewness', 'ref_q3_3', 'tex_homo_cv_4', 'tex_homo_kurtosis_4', 'tex_dis_cv_1', 'tex_mean_q3_1']",0.9352180073821342,0.0540313805440712,0.8598603039695062,0.08427594369400075,0.8576060461245116
251,700,5,3,2,log2,42,5,"['rdvi_skewness', 'ref_q3_3', 'tex_homo_cv_4', 'tex_homo_kurtosis_4', 'tex_mean_q3_1']",0.8913966503889105,0.06995850550171272,0.8594584518335824,0.08439668829944559,0.8575795541308228
136,100,18,3,2,log2,42,8,"['rdvi_skewness', 'ref_q3_3', 'tex_cont_cv_2', 'tex_cont_q3_4', 'tex_homo_cv_4', 'tex_homo_kurtosis_4', 'tex_dis_cv_1', 'tex_mean_q3_1']",0.9451903861595615,0.0496989581075089,0.8605717437691698,0.08406175188599184,0.8575652045512543
347,1200,5,3,2,log2,42,5,"['rdvi_skewness', 'ref_q3_3', 'tex_homo_cv_4', 'tex_homo_kurtosis_4', 'tex_mean_q3_1']",0.8913478749950484,0.06997421344550309,0.8594203577972657,0.08440812546063377,0.8575409508159457
168,200,12,3,2,log2,42,8,"['rdvi_skewness', 'ref_q3_3', 'tex_cont_cv_2', 'tex_cont_q3_4', 'tex_homo_cv_4', 'tex_homo_kurtosis_4', 'tex_dis_cv_1', 'tex_mean_q3_1']",0.9456249362044794,0.049501550572203595,0.8603797337023419,0.08411961372087833,0.8573690541056269
299,1000,5,3,2,log2,42,5,"['rdvi_skewness', 'ref_q3_3', 'tex_homo_cv_4', 'tex_homo_kurtosis_4', 'tex_mean_q3_1']",0.8912831270106907,0.06999505986013262,0.8592446403907428,0.0844608619193171,0.857362884246234
130,100,15,3,2,log2,42,6,"['rdvi_skewness', 'ref_q3_3', 'tex_homo_cv_4', 'tex_homo_kurtosis_4', 'tex_dis_cv_1', 'tex_mean_q3_1']",0.9368029219215094,0.053366339246375676,0.8592351515227501,0.08446370878946463,0.8569708376062259
19,25,8,3,2,log2,42,5,"['rdvi_skewness', 'ref_q3_3', 'tex_homo_cv_4', 'tex_homo_kurtosis_4', 'tex_mean_q3_1']",0.9253239784905517,0.058010886090576495,0.8584978480328535,0.08468462350539745,0.8566061080332927
91,50,18,3,2,log2,42,5,"['rdvi_skewness', 'ref_q3_3', 'tex_homo_cv_4', 'tex_homo_kurtosis_4', 'tex_mean_q3_1']",0.9343707283393465,0.05438356900167346,0.8584557948981638,0.08469720631518254,0.85656349269092
138,100,18,3,2,log2,42,6,"['rdvi_skewness', 'ref_q3_3', 'tex_homo_cv_4', 'tex_homo_kurtosis_4', 'tex_dis_cv_1', 'tex_mean_q3_1']",0.9365781116112666,0.05346117474440374,0.8583383433982761,0.08473233933643788,0.856059603613798
120,100,12,3,2,log2,42,8,"['rdvi_skewness', 'ref_q3_3', 'tex_cont_cv_2', 'tex_cont_q3_4', 'tex_homo_cv_4', 'tex_homo_kurtosis_4', 'tex_dis_cv_1', 'tex_mean_q3_1']",0.9436851999944669,0.05037675465470593,0.8589698679685748,0.08454326091536911,0.8559287869544201
186,200,18,3,2,log2,42,6,"['rdvi_skewness', 'ref_q3_3', 'tex_homo_cv_4', 'tex_homo_kurtosis_4', 'tex_dis_cv_1', 'tex_mean_q3_1']",0.9385786402660438,0.05261125072465815,0.858172939571358,0.08478179154858412,0.8558915391355085
177,200,15,3,2,log2,42,7,"['rdvi_skewness', 'ref_q3_3', 'tex_cont_q3_4', 'tex_homo_cv_4', 'tex_homo_kurtosis_4', 'tex_dis_cv_1', 'tex_mean_q3_1']",0.9405704982389878,0.051751144368574094,0.8584905382387182,0.08468681081902249,0.855827725786221
178,200,15,3,2,log2,42,6,"['rdvi_skewness', 'ref_q3_3', 'tex_homo_cv_4', 'tex_homo_kurtosis_4', 'tex_dis_cv_1', 'tex_mean_q3_1']",0.9384927289590952,0.052648032081456575,0.857938045242018,0.08485197040975324,0.8556528663451067
152,200,5,3,2,log2,42,8,"['rdvi_skewness', 'ref_q3_3', 'tex_cont_cv_2', 'tex_cont_q3_4', 'tex_homo_cv_4', 'tex_homo_kurtosis_4', 'tex_dis_cv_1', 'tex_mean_q3_1']",0.8973091722933606,0.06802753591640685,0.858674142276111,0.08463185376175911,0.8556266844276175
107,100,5,3,2,log2,42,5,"['rdvi_skewness', 'ref_q3_3', 'tex_homo_cv_4', 'tex_homo_kurtosis_4', 'tex_mean_q3_1']",0.8914866102874687,0.06992952497812253,0.857495972095375,0.08498389046222185,0.8555908380324789
82,50,15,3,2,log2,42,6,"['rdvi_skewness', 'ref_q3_3', 'tex_homo_cv_4', 'tex_homo_kurtosis_4', 'tex_dis_cv_1', 'tex_mean_q3_1']",0.9357069310725767,0.053827101129299525,0.8578318350910524,0.08488368353375296,0.8555449477198629
185,200,18,3,2,log2,42,7,"['rdvi_skewness', 'ref_q3_3', 'tex_cont_q3_4', 'tex_homo_cv_4', 'tex_homo_kurtosis_4', 'tex_dis_cv_1', 'tex_mean_q3_1']",0.940329971473795,0.05185576384034165,0.8581858541031713,0.08477793141756507,0.8555173083470482
16,25,8,3,2,log2,42,8,"['rdvi_skewness', 'ref_q3_3', 'tex_cont_cv_2', 'tex_cont_q3_4', 'tex_homo_cv_4', 'tex_homo_kurtosis_4', 'tex_dis_cv_1', 'tex_mean_q3_1']",0.9372446296735807,0.053179513684477264,0.8585406346731559,0.08467181930270577,0.8554902979545178
169,200,12,3,2,log2,42,7,"['rdvi_skewness', 'ref_q3_3', 'tex_cont_q3_4', 'tex_homo_cv_4', 'tex_homo_kurtosis_4', 'tex_dis_cv_1', 'tex_mean_q3_1']",0.9388297734197215,0.05250358490248524,0.8580644531115031,0.08481421102550368,0.8553936229281175
170,200,12,3,2,log2,42,6,"['rdvi_skewness', 'ref_q3_3', 'tex_homo_cv_4', 'tex_homo_kurtosis_4', 'tex_dis_cv_1', 'tex_mean_q3_1']",0.9376447764986404,0.053009698389733684,0.8574465699185788,0.08499861995948618,0.8551534852523898
67,50,8,3,2,log2,42,5,"['rdvi_skewness', 'ref_q3_3', 'tex_homo_cv_4', 'tex_homo_kurtosis_4', 'tex_mean_q3_1']",0.9278261126044266,0.057030734112360745,0.8568878198531834,0.08516503664001476,0.8549745554127179
344,1200,5,3,2,log2,42,8,"['rdvi_skewness', 'ref_q3_3', 'tex_cont_cv_2', 'tex_cont_q3_4', 'tex_homo_cv_4', 'tex_homo_kurtosis_4', 'tex_dis_cv_1', 'tex_mean_q3_1']",0.8979527942063985,0.06781401717057021,0.8576788958242852,0.0849293286287818,0.8546099771358602
314,1000,12,3,2,log2,42,6,"['rdvi_skewness', 'ref_q3_3', 'tex_homo_cv_4', 'tex_homo_kurtosis_4', 'tex_dis_cv_1', 'tex_mean_q3_1']",0.9391232423137207,0.05237748847625357,0.856880224640596,0.0851672965384229,0.8545780298626967
296,1000,5,3,2,log2,42,8,"['rdvi_skewness', 'ref_q3_3', 'tex_cont_cv_2', 'tex_cont_q3_4', 'tex_homo_cv_4', 'tex_homo_kurtosis_4', 'tex_dis_cv_1', 'tex_mean_q3_1']",0.8979270099884147,0.06782258389687736,0.8575332841371524,0.0849727640045807,0.8544612255740721
59,50,5,3,2,log2,42,5,"['rdvi_skewness', 'ref_q3_3', 'tex_homo_cv_4', 'tex_homo_kurtosis_4', 'tex_mean_q3_1']",0.8905226224171974,0.07023945061058491,0.856113844248596,0.08539501979026178,0.8541902325406896
377,1200,18,3,2,log2,42,7,"['rdvi_skewness', 'ref_q3_3', 'tex_cont_q3_4', 'tex_homo_cv_4', 'tex_homo_kurtosis_4', 'tex_dis_cv_1', 'tex_mean_q3_1']",0.9395025325611661,0.05221406558630119,0.8568732511651547,0.08516937139081471,0.8541800058913807
322,1000,15,3,2,log2,42,6,"['rdvi_skewness', 'ref_q3_3', 'tex_homo_cv_4', 'tex_homo_kurtosis_4', 'tex_dis_cv_1', 'tex_mean_q3_1']",0.9393957987511521,0.052260105118925884,0.8564510648724231,0.08529489252614984,0.8541419667202368
362,1200,12,3,2,log2,42,6,"['rdvi_skewness', 'ref_q3_3', 'tex_homo_cv_4', 'tex_homo_kurtosis_4', 'tex_dis_cv_1', 'tex_mean_q3_1']",0.9390375907114165,0.05241432222941801,0.8562857920001304,0.08534397988660128,0.8539740353030816
281,700,18,3,2,log2,42,7,"['rdvi_skewness', 'ref_q3_3', 'tex_cont_q3_4', 'tex_homo_cv_4', 'tex_homo_kurtosis_4', 'tex_dis_cv_1', 'tex_mean_q3_1']",0.9395484197821986,0.05219425969214611,0.8565740730693452,0.0852583397660985,0.85387519810022
218,500,12,3,2,log2,42,6,"['rdvi_skewness', 'ref_q3_3', 'tex_homo_cv_4', 'tex_homo_kurtosis_4', 'tex_dis_cv_1', 'tex_mean_q3_1']",0.9391761733394941,0.0523547129770793,0.8561282632512723,0.08539074091484881,0.853813972579711
83,50,15,3,2,log2,42,5,"['rdvi_skewness', 'ref_q3_3', 'tex_homo_cv_4', 'tex_homo_kurtosis_4', 'tex_mean_q3_1']",0.9357635813688168,0.05380338167337089,0.8556963085708769,0.08551883169578012,0.8537671148351934
274,700,15,3,2,log2,42,6,"['rdvi_skewness', 'ref_q3_3', 'tex_homo_cv_4', 'tex_homo_kurtosis_4', 'tex_dis_cv_1', 'tex_mean_q3_1']",0.9395581592094929,0.0521900549825903,0.8560774511541228,0.08540581857947917,0.8537623431297924
265,700,12,3,2,log2,42,7,"['rdvi_skewness', 'ref_q3_3', 'tex_cont_q3_4', 'tex_homo_cv_4', 'tex_homo_kurtosis_4', 'tex_dis_cv_1', 'tex_mean_q3_1']",0.9389982104482023,0.052431248697704665,0.8564558088879726,0.08529348309862857,0.853754708517585
330,1000,18,3,2,log2,42,6,"['rdvi_skewness', 'ref_q3_3', 'tex_homo_cv_4', 'tex_homo_kurtosis_4', 'tex_dis_cv_1', 'tex_mean_q3_1']",0.9394212117222914,0.05224914693640434,0.8560655710472344,0.08540934342435033,0.8537502719219888
217,500,12,3,2,log2,42,7,"['rdvi_skewness', 'ref_q3_3', 'tex_cont_q3_4', 'tex_homo_cv_4', 'tex_homo_kurtosis_4', 'tex_dis_cv_1', 'tex_mean_q3_1']",0.9387811611595973,0.05252444317934712,0.8564393688230671,0.08529836727485454,0.8537379590966194
226,500,15,3,2,log2,42,6,"['rdvi_skewness', 'ref_q3_3', 'tex_homo_cv_4', 'tex_homo_kurtosis_4', 'tex_dis_cv_1', 'tex_mean_q3_1']",0.9397236985018492,0.052118536409673975,0.8559903589352507,0.08543165559172332,0.8536738499636998
369,1200,15,3,2,log2,42,7,"['rdvi_skewness', 'ref_q3_3', 'tex_cont_q3_4', 'tex_homo_cv_4', 'tex_homo_kurtosis_4', 'tex_dis_cv_1', 'tex_mean_q3_1']",0.9394273283894135,0.05224650906004519,0.856341457940511,0.08532744981247728,0.853638205804983
248,700,5,3,2,log2,42,8,"['rdvi_skewness', 'ref_q3_3', 'tex_cont_cv_2', 'tex_cont_q3_4', 'tex_homo_cv_4', 'tex_homo_kurtosis_4', 'tex_dis_cv_1', 'tex_mean_q3_1']",0.8972713442545707,0.06804006435435787,0.8566507063537794,0.08523555971609928,0.8535596164638339
234,500,18,3,2,log2,42,6,"['rdvi_skewness', 'ref_q3_3', 'tex_homo_cv_4', 'tex_homo_kurtosis_4', 'tex_dis_cv_1', 'tex_mean_q3_1']",0.9396703002429173,0.052141616981461254,0.8558690803643738,0.08546762140810475,0.853550620531093
200,500,5,3,2,log2,42,8,"['rdvi_skewness', 'ref_q3_3', 'tex_cont_cv_2', 'tex_cont_q3_4', 'tex_homo_cv_4', 'tex_homo_kurtosis_4', 'tex_dis_cv_1', 'tex_mean_q3_1']",0.8971838135813393,0.06806904518989244,0.8566338866722498,0.08524056006483506,0.8535424340937539
11,25,5,3,2,log2,42,5,"['rdvi_skewness', 'ref_q3_3', 'tex_homo_cv_4', 'tex_homo_kurtosis_4', 'tex_mean_q3_1']",0.8880301211112648,0.07103453098848772,0.8553203764713024,0.08563015373640298,0.8533861569054108
370,1200,15,3,2,log2,42,6,"['rdvi_skewness', 'ref_q3_3', 'tex_homo_cv_4', 'tex_homo_kurtosis_4', 'tex_dis_cv_1', 'tex_mean_q3_1']",0.9392730891328781,0.052312985732635264,0.8556668438005887,0.08552756211734074,0.8533451308322335
282,700,18,3,2,log2,42,6,"['rdvi_skewness', 'ref_q3_3', 'tex_homo_cv_4', 'tex_homo_kurtosis_4', 'tex_dis_cv_1', 'tex_mean_q3_1']",0.9394832644269734,0.05222237988085727,0.8556630764481603,0.08552867832090327,0.8533413028789618
329,1000,18,3,2,log2,42,7,"['rdvi_skewness', 'ref_q3_3', 'tex_cont_q3_4', 'tex_homo_cv_4', 'tex_homo_kurtosis_4', 'tex_dis_cv_1', 'tex_mean_q3_1']",0.9396435071660404,0.052153194026289824,0.855899287238546,0.08545866481164827,0.8531877146865832
273,700,15,3,2,log2,42,7,"['rdvi_skewness', 'ref_q3_3', 'tex_cont_q3_4', 'tex_homo_cv_4', 'tex_homo_kurtosis_4', 'tex_dis_cv_1', 'tex_mean_q3_1']",0.939679383380421,0.05213769165689958,0.8558026293323808,0.0854873214044407,0.8530892379488504
378,1200,18,3,2,log2,42,6,"['rdvi_skewness', 'ref_q3_3', 'tex_homo_cv_4', 'tex_homo_kurtosis_4', 'tex_dis_cv_1', 'tex_mean_q3_1']",0.9392628939208499,0.05231737686327606,0.8553985535058252,0.0856070156611274,0.8530725248758921
313,1000,12,3,2,log2,42,7,"['rdvi_skewness', 'ref_q3_3', 'tex_cont_q3_4', 'tex_homo_cv_4', 'tex_homo_kurtosis_4', 'tex_dis_cv_1', 'tex_mean_q3_1']",0.9391800806742097,0.05235303131148675,0.8557850520720829,0.08549253157957991,0.8530713299336543
266,700,12,3,2,log2,42,6,"['rdvi_skewness', 'ref_q3_3', 'tex_homo_cv_4', 'tex_homo_kurtosis_4', 'tex_dis_cv_1', 'tex_mean_q3_1']",0.9391158106558313,0.052380685424574275,0.8552777473043648,0.08564276806722612,0.8529497754111375
361,1200,12,3,2,log2,42,7,"['rdvi_skewness', 'ref_q3_3', 'tex_cont_q3_4', 'tex_homo_cv_4', 'tex_homo_kurtosis_4', 'tex_dis_cv_1', 'tex_mean_q3_1']",0.9390912445376622,0.052391251881535046,0.855485284452763,0.08558133856252499,0.8527659215257988
321,1000,15,3,2,log2,42,7,"['rdvi_skewness', 'ref_q3_3', 'tex_cont_q3_4', 'tex_homo_cv_4', 'tex_homo_kurtosis_4', 'tex_dis_cv_1', 'tex_mean_q3_1']",0.939536686681598,0.05219932466137504,0.8551938419530227,0.08566759094406629,0.852468994892999
161,200,8,3,2,log2,42,7,"['rdvi_skewness', 'ref_q3_3', 'tex_cont_q3_4', 'tex_homo_cv_4', 'tex_homo_kurtosis_4', 'tex_dis_cv_1', 'tex_mean_q3_1']",0.932410735005252,0.05518966716594854,0.8551499446196374,0.08568057483195222,0.8524242715345232
172,200,12,3,2,log2,42,4,"['rdvi_skewness', 'ref_q3_3', 'tex_homo_cv_4', 'tex_mean_q3_1']",0.9333459800435943,0.05480650230198659,0.8539777903226388,0.08602654810487273,0.8524202200860802
306,1000,8,3,2,log2,42,6,"['rdvi_skewness', 'ref_q3_3', 'tex_homo_cv_4', 'tex_homo_kurtosis_4', 'tex_dis_cv_1', 'tex_mean_q3_1']",0.9316956303566696,0.055480856499536275,0.8546530431316051,0.08582741065738957,0.8523150223776899
121,100,12,3,2,log2,42,7,"['rdvi_skewness', 'ref_q3_3', 'tex_cont_q3_4', 'tex_homo_cv_4', 'tex_homo_kurtosis_4', 'tex_dis_cv_1', 'tex_mean_q3_1']",0.937521071575222,0.05306225462471973,0.8549620388130097,0.0857361311087588,0.8522328298659427
354,1200,8,3,2,log2,42,6,"['rdvi_skewness', 'ref_q3_3', 'tex_homo_cv_4', 'tex_homo_kurtosis_4', 'tex_dis_cv_1', 'tex_mean_q3_1']",0.9320377958596406,0.05534171848194168,0.8545414943407397,0.08586033913375588,0.8522016792363012
233,500,18,3,2,log2,42,7,"['rdvi_skewness', 'ref_q3_3', 'tex_cont_q3_4', 'tex_homo_cv_4', 'tex_homo_kurtosis_4', 'tex_dis_cv_1', 'tex_mean_q3_1']",0.9395592806029425,0.0521895708324016,0.8547663546049113,0.08579394890927025,0.852033463428122
353,1200,8,3,2,log2,42,7,"['rdvi_skewness', 'ref_q3_3', 'tex_cont_q3_4', 'tex_homo_cv_4', 'tex_homo_kurtosis_4', 'tex_dis_cv_1', 'tex_mean_q3_1']",0.9304694342060977,0.05597663593263124,0.8547515092241713,0.08579833360707174,0.8520183386988197
305,1000,8,3,2,log2,42,7,"['rdvi_skewness', 'ref_q3_3', 'tex_cont_q3_4', 'tex_homo_cv_4', 'tex_homo_kurtosis_4', 'tex_dis_cv_1', 'tex_mean_q3_1']",0.9306849046510298,0.05588983475884282,0.8546422445515114,0.08583059888015791,0.8519070179704914
72,50,12,3,2,log2,42,8,"['rdvi_skewness', 'ref_q3_3', 'tex_cont_cv_2', 'tex_cont_q3_4', 'tex_homo_cv_4', 'tex_homo_kurtosis_4', 'tex_dis_cv_1', 'tex_mean_q3_1']",0.9433735670418653,0.050515948951334703,0.8549853915755589,0.0857292285844299,0.8518583919329833
225,500,15,3,2,log2,42,7,"['rdvi_skewness', 'ref_q3_3', 'tex_cont_q3_4', 'tex_homo_cv_4', 'tex_homo_kurtosis_4', 'tex_dis_cv_1', 'tex_mean_q3_1']",0.9397549332769285,0.052105030921866025,0.854537280117336,0.08586158289749546,0.8518000783991138
257,700,8,3,2,log2,42,7,"['rdvi_skewness', 'ref_q3_3', 'tex_cont_q3_4', 'tex_homo_cv_4', 'tex_homo_kurtosis_4', 'tex_dis_cv_1', 'tex_mean_q3_1']",0.9305704204682876,0.05593597090122319,0.8544627981126842,0.08588356215237673,0.8517241948513637
22,25,8,3,2,log2,42,2,"['rdvi_skewness', 'tex_homo_cv_4']",0.8871846623172337,0.07130220934444008,0.8520587249681648,0.08658999556570822,0.8512738906178633
104,100,5,3,2,log2,42,8,"['rdvi_skewness', 'ref_q3_3', 'tex_cont_cv_2', 'tex_cont_q3_4', 'tex_homo_cv_4', 'tex_homo_kurtosis_4', 'tex_dis_cv_1', 'tex_mean_q3_1']",0.8971617489175958,0.06807634870928582,0.8542251458238495,0.08595365453921477,0.8510817527418839
164,200,8,3,2,log2,42,4,"['rdvi_skewness', 'ref_q3_3', 'tex_homo_cv_4', 'tex_mean_q3_1']",0.9259442765818021,0.05776944928979085,0.8525521895198837,0.08644546259452847,0.8509794128747624
122,100,12,3,2,log2,42,6,"['rdvi_skewness', 'ref_q3_3', 'tex_homo_cv_4', 'tex_homo_kurtosis_4', 'tex_dis_cv_1', 'tex_mean_q3_1']",0.935606581596744,0.053869091777946944,0.8532616011877979,0.08623725549765804,0.8509011979897464
212,500,8,3,2,log2,42,4,"['rdvi_skewness', 'ref_q3_3', 'tex_homo_cv_4', 'tex_mean_q3_1']",0.9258271644749674,0.05781510969905906,0.8523941755516609,0.0864917702775122,0.8508197134242119
35,25,15,3,2,log2,42,5,"['rdvi_skewness', 'ref_q3_3', 'tex_homo_cv_4', 'tex_homo_kurtosis_4', 'tex_mean_q3_1']",0.9337876461435949,0.05462461974952119,0.8521563155194697,0.08656143099017242,0.8501797956734733
209,500,8,3,2,log2,42,7,"['rdvi_skewness', 'ref_q3_3', 'tex_cont_q3_4', 'tex_homo_cv_4', 'tex_homo_kurtosis_4', 'tex_dis_cv_1', 'tex_mean_q3_1']",0.9310462946723678,0.05574394717055186,0.8529233331583023,0.08633659730020082,0.8501557614704208
8,25,5,3,2,log2,42,8,"['rdvi_skewness', 'ref_q3_3', 'tex_cont_cv_2', 'tex_cont_q3_4', 'tex_homo_cv_4', 'tex_homo_kurtosis_4', 'tex_dis_cv_1', 'tex_mean_q3_1']",0.8953170546483108,0.06868420563925577,0.853317802951934,0.08622073920028993,0.8501548445250215
124,100,12,3,2,log2,42,4,"['rdvi_skewness', 'ref_q3_3', 'tex_homo_cv_4', 'tex_mean_q3_1']",0.9321626346321181,0.055290866925025266,0.8514089175397317,0.08677995327694063,0.8498239459934889
348,1200,5,3,2,log2,42,4,"['rdvi_skewness', 'ref_q3_3', 'tex_homo_cv_4', 'tex_mean_q3_1']",0.883049383898926,0.07259725004823318,0.8514087444456419,0.08678000382200837,0.8498237710530621
258,700,8,3,2,log2,42,6,"['rdvi_skewness', 'ref_q3_3', 'tex_homo_cv_4', 'tex_homo_kurtosis_4', 'tex_dis_cv_1', 'tex_mean_q3_1']",0.931878124511033,0.055406690644650716,0.8518787437877156,0.08664265102834973,0.8494960962347029
316,1000,12,3,2,log2,42,4,"['rdvi_skewness', 'ref_q3_3', 'tex_homo_cv_4', 'tex_mean_q3_1']",0.9323745840615991,0.0552044246265873,0.8509964669963586,0.0869003092063021,0.8494070959776531
300,1000,5,3,2,log2,42,4,"['rdvi_skewness', 'ref_q3_3', 'tex_homo_cv_4', 'tex_mean_q3_1']",0.882698485374854,0.07270607883901736,0.8509765946828912,0.0869061038763187,0.849387011692842
260,700,8,3,2,log2,42,4,"['rdvi_skewness', 'ref_q3_3', 'tex_homo_cv_4', 'tex_mean_q3_1']",0.9253028011278133,0.058019111157112266,0.8509444767214877,0.0869154685009757,0.8493545511398501
204,500,5,3,2,log2,42,4,"['rdvi_skewness', 'ref_q3_3', 'tex_homo_cv_4', 'tex_mean_q3_1']",0.8823492345262192,0.07281423510204865,0.850782995320784,0.08696253630506968,0.8491913472708724
220,500,12,3,2,log2,42,4,"['rdvi_skewness', 'ref_q3_3', 'tex_homo_cv_4', 'tex_mean_q3_1']",0.9327716822217216,0.05504210509783314,0.850741956116975,0.08697449415097831,0.849149870315556
210,500,8,3,2,log2,42,6,"['rdvi_skewness', 'ref_q3_3', 'tex_homo_cv_4', 'tex_homo_kurtosis_4', 'tex_dis_cv_1', 'tex_mean_q3_1']",0.9318194218531783,0.05543055830524965,0.8514410788898675,0.08677056135566076,0.8490513911508306
156,200,5,3,2,log2,42,4,"['rdvi_skewness', 'ref_q3_3', 'tex_homo_cv_4', 'tex_mean_q3_1']",0.882467302208248,0.07277768979835361,0.8506071724096028,0.08701375534982453,0.8490136489153053
252,700,5,3,2,log2,42,4,"['rdvi_skewness', 'ref_q3_3', 'tex_homo_cv_4', 'tex_mean_q3_1']",0.8824312039413873,0.07278886518540177,0.8505993797618331,0.08701602473154575,0.8490057731459593
308,1000,8,3,2,log2,42,4,"['rdvi_skewness', 'ref_q3_3', 'tex_homo_cv_4', 'tex_mean_q3_1']",0.9255093513500688,0.057938839364443044,0.8505509521582696,0.08703012653417572,0.8489568289812911
268,700,12,3,2,log2,42,4,"['rdvi_skewness', 'ref_q3_3', 'tex_homo_cv_4', 'tex_mean_q3_1']",0.9323487168860304,0.05521498164865554,0.8505003254637578,0.08704486625521413,0.8489056622687046
113,100,8,3,2,log2,42,7,"['rdvi_skewness', 'ref_q3_3', 'tex_cont_q3_4', 'tex_homo_cv_4', 'tex_homo_kurtosis_4', 'tex_dis_cv_1', 'tex_mean_q3_1']",0.9299202894241871,0.056197249858468176,0.8512613389770625,0.08682303689353789,0.8484624932051255
364,1200,12,3,2,log2,42,4,"['rdvi_skewness', 'ref_q3_3', 'tex_homo_cv_4', 'tex_mean_q3_1']",0.9325487342754841,0.05513329708042865,0.8500316733564655,0.08718119377576647,0.8484320112056011
116,100,8,3,2,log2,42,4,"['rdvi_skewness', 'ref_q3_3', 'tex_homo_cv_4', 'tex_mean_q3_1']",0.924478049332709,0.05833853414791407,0.8498826315892771,0.08722450429586076,0.8482813796595627
324,1000,15,3,2,log2,42,4,"['rdvi_skewness', 'ref_q3_3', 'tex_homo_cv_4', 'tex_mean_q3_1']",0.9327303090214852,0.055059039314346366,0.8497565134006941,0.08726113658925895,0.8481539162103016
74,50,12,3,2,log2,42,6,"['rdvi_skewness', 'ref_q3_3', 'tex_homo_cv_4', 'tex_homo_kurtosis_4', 'tex_dis_cv_1', 'tex_mean_q3_1']",0.9335012323548808,0.0547426367114942,0.8505500884261752,0.08703037802659383,0.848146068400859
356,1200,8,3,2,log2,42,4,"['rdvi_skewness', 'ref_q3_3', 'tex_homo_cv_4', 'tex_mean_q3_1']",0.9257337099985604,0.05785152046809604,0.8495854865821593,0.08731078849169568,0.8479810651057023
56,50,5,3,2,log2,42,8,"['rdvi_skewness', 'ref_q3_3', 'tex_cont_cv_2', 'tex_cont_q3_4', 'tex_homo_cv_4', 'tex_homo_kurtosis_4', 'tex_dis_cv_1', 'tex_mean_q3_1']",0.8965291303957132,0.06828541649270595,0.8511598953226385,0.08685263963717153,0.8479504051948248
108,100,5,3,2,log2,42,4,"['rdvi_skewness', 'ref_q3_3', 'tex_homo_cv_4', 'tex_mean_q3_1']",0.8829189587315905,0.07263771956611509,0.8494692121026673,0.0873445287707004,0.8478635503650958
18,25,8,3,2,log2,42,6,"['rdvi_skewness', 'ref_q3_3', 'tex_homo_cv_4', 'tex_homo_kurtosis_4', 'tex_dis_cv_1', 'tex_mean_q3_1']",0.9229024206641496,0.058943956595996536,0.85009052995758,0.08716408452207512,0.8476791175708387
332,1000,18,3,2,log2,42,4,"['rdvi_skewness', 'ref_q3_3', 'tex_homo_cv_4', 'tex_mean_q3_1']",0.9328226538516257,0.055021235039692314,0.8492293325221268,0.08741409536480155,0.8476211120690296
137,100,18,3,2,log2,42,7,"['rdvi_skewness', 'ref_q3_3', 'tex_cont_q3_4', 'tex_homo_cv_4', 'tex_homo_kurtosis_4', 'tex_dis_cv_1', 'tex_mean_q3_1']",0.9382686090334145,0.05274386419739443,0.850408571148853,0.08707157372805309,0.8475936786704712
65,50,8,3,2,log2,42,7,"['rdvi_skewness', 'ref_q3_3', 'tex_cont_q3_4', 'tex_homo_cv_4', 'tex_homo_kurtosis_4', 'tex_dis_cv_1', 'tex_mean_q3_1']",0.9264061587817172,0.05758901478715336,0.8503222253748464,0.08709669942506953,0.8475057081103945
10,25,5,3,2,log2,42,6,"['rdvi_skewness', 'ref_q3_3', 'tex_homo_cv_4', 'tex_homo_kurtosis_4', 'tex_dis_cv_1', 'tex_mean_q3_1']",0.8887561342290896,0.07080386238269495,0.8498748032628367,0.08722677855965427,0.8474599207415955
276,700,15,3,2,log2,42,4,"['rdvi_skewness', 'ref_q3_3', 'tex_homo_cv_4', 'tex_mean_q3_1']",0.9323493495751668,0.055214723456947085,0.8490620242874494,0.0874625830552645,0.8474520192131821
73,50,12,3,2,log2,42,7,"['rdvi_skewness', 'ref_q3_3', 'tex_cont_q3_4', 'tex_homo_cv_4', 'tex_homo_kurtosis_4', 'tex_dis_cv_1', 'tex_mean_q3_1']",0.9345950663741376,0.05429054079565497,0.8502517845318561,0.08711719158994419,0.8474339417676706
284,700,18,3,2,log2,42,4,"['rdvi_skewness', 'ref_q3_3', 'tex_homo_cv_4', 'tex_mean_q3_1']",0.9325547127182003,0.0551308536973521,0.84889983448447,0.08750956172428132,0.8472880993856378
236,500,18,3,2,log2,42,4,"['rdvi_skewness', 'ref_q3_3', 'tex_homo_cv_4', 'tex_mean_q3_1']",0.932823880549904,0.05502073267716768,0.8488607687295171,0.08752087344636479,0.8472486169292986
372,1200,15,3,2,log2,42,4,"['rdvi_skewness', 'ref_q3_3', 'tex_homo_cv_4', 'tex_mean_q3_1']",0.9328653485294425,0.05500374784049266,0.8487551822519094,0.0875514393268334,0.8471419041959297
228,500,15,3,2,log2,42,4,"['rdvi_skewness', 'ref_q3_3', 'tex_homo_cv_4', 'tex_mean_q3_1']",0.9327077384693907,0.05506827533635517,0.8486658560611244,0.08757728974042166,0.8470516251924431
380,1200,18,3,2,log2,42,4,"['rdvi_skewness', 'ref_q3_3', 'tex_homo_cv_4', 'tex_mean_q3_1']",0.9329961068475144,0.054950156268351334,0.8485108709862701,0.08762212330895701,0.846894986943457
76,50,12,3,2,log2,42,4,"['rdvi_skewness', 'ref_q3_3', 'tex_homo_cv_4', 'tex_mean_q3_1']",0.9298938123837224,0.056207864887641915,0.8484750218095475,0.08763249037354238,0.846858755375516
129,100,15,3,2,log2,42,7,"['rdvi_skewness', 'ref_q3_3', 'tex_cont_q3_4', 'tex_homo_cv_4', 'tex_homo_kurtosis_4', 'tex_dis_cv_1', 'tex_mean_q3_1']",0.9388983450854953,0.052474148459192765,0.84890309476299,0.0875086176251057,0.8460598734278849
180,200,15,3,2,log2,42,4,"['rdvi_skewness', 'ref_q3_3', 'tex_homo_cv_4', 'tex_mean_q3_1']",0.9334018847440435,0.054783513562372946,0.8476506382372523,0.08787055274476456,0.8460255783784496
188,200,18,3,2,log2,42,4,"['rdvi_skewness', 'ref_q3_3', 'tex_homo_cv_4', 'tex_mean_q3_1']",0.9334693320055694,0.054755765525105284,0.8474213288133213,0.08793665728649017,0.8457938229873301
106,100,5,3,2,log2,42,6,"['rdvi_skewness', 'ref_q3_3', 'tex_homo_cv_4', 'tex_homo_kurtosis_4', 'tex_dis_cv_1', 'tex_mean_q3_1']",0.8894548696371914,0.0705811485416929,0.848195349694792,0.08771332544690677,0.8457534518346547
140,100,18,3,2,log2,42,4,"['rdvi_skewness', 'ref_q3_3', 'tex_homo_cv_4', 'tex_mean_q3_1']",0.9322393549316286,0.05525959262749182,0.8473051161940126,0.08797013969929371,0.8456763707667487
114,100,8,3,2,log2,42,6,"['rdvi_skewness', 'ref_q3_3', 'tex_homo_cv_4', 'tex_homo_kurtosis_4', 'tex_dis_cv_1', 'tex_mean_q3_1']",0.9295005519635499,0.05636529333592741,0.8476840579009827,0.08786091448519759,0.845233935507969
153,200,5,3,2,log2,42,7,"['rdvi_skewness', 'ref_q3_3', 'tex_cont_q3_4', 'tex_homo_cv_4', 'tex_homo_kurtosis_4', 'tex_dis_cv_1', 'tex_mean_q3_1']",0.8878639889260297,0.07108720920795797,0.8479801282681341,0.08777548131872288,0.8451195392839324
132,100,15,3,2,log2,42,4,"['rdvi_skewness', 'ref_q3_3', 'tex_homo_cv_4', 'tex_mean_q3_1']",0.9319929796362821,0.05535996243166941,0.8466666815944252,0.08815385442427384,0.8450311261980991
62,50,5,3,2,log2,42,2,"['rdvi_skewness', 'tex_mean_q3_1']",0.8466883037002451,0.08312019579264676,0.8456693787375202,0.08844007270984217,0.8448506486512471
17,25,8,3,2,log2,42,7,"['rdvi_skewness', 'ref_q3_3', 'tex_cont_cv_2', 'tex_homo_cv_4', 'tex_homo_kurtosis_4', 'tex_dis_cv_1', 'tex_mean_q3_1']",0.9260630916404264,0.05772308801275753,0.8475521911376189,0.08789893883028072,0.8446835495730043
148,200,3,3,2,log2,42,4,"['rdvi_skewness', 'ref_q3_3', 'tex_homo_cv_4', 'tex_mean_q3_1']",0.8234181985691856,0.0892055519327492,0.8462745847347473,0.0882664939378086,0.8446348469719179
133,100,15,3,2,log2,42,3,"['rdvi_skewness', 'tex_homo_cv_4', 'tex_mean_q3_1']",0.904796034230397,0.0655007741419326,0.8457802176728912,0.08840830855282672,0.8445497406862388
162,200,8,3,2,log2,42,6,"['rdvi_skewness', 'ref_q3_3', 'tex_homo_cv_4', 'tex_homo_kurtosis_4', 'tex_dis_cv_1', 'tex_mean_q3_1']",0.9324682978369568,0.05516616084277323,0.846994784474235,0.08805948803660268,0.8445335745730163
237,500,18,3,2,log2,42,3,"['rdvi_skewness', 'tex_homo_cv_4', 'tex_mean_q3_1']",0.9063714435750677,0.06495656890819333,0.8456314496666153,0.08845093978108476,0.8443997857011893
298,1000,5,3,2,log2,42,6,"['rdvi_skewness', 'ref_q3_3', 'tex_homo_cv_4', 'tex_homo_kurtosis_4', 'tex_dis_cv_1', 'tex_mean_q3_1']",0.8904811006665241,0.07025276929129691,0.8468324732334666,0.08810618336045836,0.8443686524275706
229,500,15,3,2,log2,42,3,"['rdvi_skewness', 'tex_homo_cv_4', 'tex_mean_q3_1']",0.9064204926872366,0.06493955230804808,0.8455450568292202,0.08847568724029642,0.8443127035592406
24,25,12,3,2,log2,42,8,"['rdvi_skewness', 'ref_q3_3', 'tex_cont_cv_2', 'tex_cont_q3_4', 'tex_homo_cv_4', 'tex_homo_kurtosis_4', 'tex_dis_cv_1', 'tex_mean_q3_1']",0.939583437470341,0.052179140260493084,0.84751884476957,0.0879085517926358,0.844230841422283
117,100,8,3,2,log2,42,3,"['rdvi_skewness', 'tex_homo_cv_4', 'tex_mean_q3_1']",0.888299919815439,0.07094889821217422,0.845454962056987,0.08850148775742474,0.8442218899457395
181,200,15,3,2,log2,42,3,"['rdvi_skewness', 'tex_homo_cv_4', 'tex_mean_q3_1']",0.9068927071075983,0.06477549835412663,0.8452889106166604,0.08854902035484773,0.8440545136268998
346,1200,5,3,2,log2,42,6,"['rdvi_skewness', 'ref_q3_3', 'tex_homo_cv_4', 'tex_homo_kurtosis_4', 'tex_dis_cv_1', 'tex_mean_q3_1']",0.8902952962264837,0.07031233775318664,0.8462735183641125,0.088266800083132,0.843800706327074
285,700,18,3,2,log2,42,3,"['rdvi_skewness', 'tex_homo_cv_4', 'tex_mean_q3_1']",0.9058759236071063,0.065128230223347,0.845013105496243,0.08862791385416978,0.843776507933713
277,700,15,3,2,log2,42,3,"['rdvi_skewness', 'tex_homo_cv_4', 'tex_mean_q3_1']",0.9059348651371215,0.06510783502352166,0.844798458011631,0.08868926477259458,0.8435601478361918
154,200,5,3,2,log2,42,6,"['rdvi_skewness', 'ref_q3_3', 'tex_homo_cv_4', 'tex_homo_kurtosis_4', 'tex_dis_cv_1', 'tex_mean_q3_1']",0.891242077697933,0.07000827297901456,0.8459840180441358,0.08834987375828501,0.8435065491654892
165,200,8,3,2,log2,42,3,"['rdvi_skewness', 'tex_homo_cv_4', 'tex_mean_q3_1']",0.8882450555563365,0.07096632022683985,0.8444811251960322,0.08877988772088498,0.8432402831098303
213,500,8,3,2,log2,42,3,"['rdvi_skewness', 'tex_homo_cv_4', 'tex_mean_q3_1']",0.8892810249793793,0.07063662513896714,0.8443640192330135,0.08881330713001952,0.8431222427907237
159,200,5,3,2,log2,42,1,['rdvi_skewness'],0.8412073294903104,0.08459294397467103,0.843531017765895,0.0890506651205216,0.8431170786594555
221,500,12,3,2,log2,42,3,"['rdvi_skewness', 'tex_homo_cv_4', 'tex_mean_q3_1']",0.905468514657902,0.06526902933880228,0.8441424823335179,0.0888764944082141,0.8428989383095832
309,1000,8,3,2,log2,42,3,"['rdvi_skewness', 'tex_homo_cv_4', 'tex_mean_q3_1']",0.8903486804147057,0.0702952280774277,0.8440861255223696,0.08889256146478845,0.8428421318430268
249,700,5,3,2,log2,42,7,"['rdvi_skewness', 'ref_q3_3', 'tex_cont_q3_4', 'tex_homo_cv_4', 'tex_homo_kurtosis_4', 'tex_dis_cv_1', 'tex_mean_q3_1']",0.8873784261396785,0.07124095115793849,0.8457248672398703,0.08842417227372781,0.8428218405481473
244,700,3,3,2,log2,42,4,"['rdvi_skewness', 'ref_q3_3', 'tex_homo_cv_4', 'tex_mean_q3_1']",0.8233916750789805,0.08921225124638887,0.8444357539092661,0.08879283715871053,0.8427764019509649
340,1200,3,3,2,log2,42,4,"['rdvi_skewness', 'ref_q3_3', 'tex_homo_cv_4', 'tex_mean_q3_1']",0.8242036188797014,0.08900694161463364,0.8443658543577462,0.0888127835236653,0.8427057568042289
60,50,5,3,2,log2,42,4,"['rdvi_skewness', 'ref_q3_3', 'tex_homo_cv_4', 'tex_mean_q3_1']",0.8810882164734453,0.07320341801674066,0.844317575349078,0.08882655768823622,0.8426569628194682
297,1000,5,3,2,log2,42,7,"['rdvi_skewness', 'ref_q3_3', 'tex_cont_q3_4', 'tex_homo_cv_4', 'tex_homo_kurtosis_4', 'tex_dis_cv_1', 'tex_mean_q3_1']",0.8872228446453889,0.0712901422141794,0.8455495942254228,0.08847438766325655,0.8426432693855785
201,500,5,3,2,log2,42,7,"['rdvi_skewness', 'ref_q3_3', 'tex_cont_q3_4', 'tex_homo_cv_4', 'tex_homo_kurtosis_4', 'tex_dis_cv_1', 'tex_mean_q3_1']",0.8876685841373883,0.07114911944897441,0.8455283637834361,0.08848046820995711,0.8426216394460276
325,1000,15,3,2,log2,42,3,"['rdvi_skewness', 'tex_homo_cv_4', 'tex_mean_q3_1']",0.9060640482270951,0.06506311217784527,0.8438196209443909,0.08896850133805669,0.8425735008987345
89,50,18,3,2,log2,42,7,"['rdvi_skewness', 'ref_q3_3', 'tex_cont_q3_4', 'tex_homo_cv_4', 'tex_homo_kurtosis_4', 'tex_dis_cv_1', 'tex_mean_q3_1']",0.9373248102756039,0.05314552991340394,0.8454645252296392,0.08849874950030538,0.8425565996291217
333,1000,18,3,2,log2,42,3,"['rdvi_skewness', 'tex_homo_cv_4', 'tex_mean_q3_1']",0.905914677960633,0.06511482099578748,0.843768755207612,0.08898298804883759,0.842522229318311
66,50,8,3,2,log2,42,6,"['rdvi_skewness', 'ref_q3_3', 'tex_homo_cv_4', 'tex_homo_kurtosis_4', 'tex_dis_cv_1', 'tex_mean_q3_1']",0.9297914983610748,0.056248865234872575,0.844932405094221,0.08865098476447668,0.8424380201895704
196,500,3,3,2,log2,42,4,"['rdvi_skewness', 'ref_q3_3', 'tex_homo_cv_4', 'tex_mean_q3_1']",0.8234255225410678,0.08920370195239034,0.8440935410116307,0.08889044751028875,0.8424305387824214
250,700,5,3,2,log2,42,6,"['rdvi_skewness', 'ref_q3_3', 'tex_homo_cv_4', 'tex_homo_kurtosis_4', 'tex_dis_cv_1', 'tex_mean_q3_1']",0.889686080017936,0.07050729799690071,0.8449234224321289,0.08865355238767633,0.8424288930342543
351,1200,5,3,2,log2,42,1,['rdvi_skewness'],0.841322474073245,0.08456226817074854,0.8427926986464631,0.08926051639674784,0.84237680631484
92,50,18,3,2,log2,42,4,"['rdvi_skewness', 'ref_q3_3', 'tex_homo_cv_4', 'tex_mean_q3_1']",0.9300291355017603,0.0561535908083043,0.8439988671991298,0.08891743266669394,0.8423348551159204
261,700,8,3,2,log2,42,3,"['rdvi_skewness', 'tex_homo_cv_4', 'tex_mean_q3_1']",0.8896243976360559,0.07052700743295172,0.8435339717435454,0.08904982452287624,0.8422855725819247
189,200,18,3,2,log2,42,3,"['rdvi_skewness', 'tex_homo_cv_4', 'tex_mean_q3_1']",0.9063757611380784,0.0649550711957261,0.8434264615412003,0.08908041301788257,0.842177204585412
292,1000,3,3,2,log2,42,4,"['rdvi_skewness', 'ref_q3_3', 'tex_homo_cv_4', 'tex_mean_q3_1']",0.8237713068882855,0.08911631571148462,0.8438399642915736,0.08896270683280663,0.8421742572440171
357,1200,8,3,2,log2,42,3,"['rdvi_skewness', 'tex_homo_cv_4', 'tex_mean_q3_1']",0.8905376365947575,0.07023463398195084,0.843348857331503,0.08910248621983993,0.8420989811931905
303,1000,5,3,2,log2,42,1,['rdvi_skewness'],0.8412156652015906,0.08459072362152348,0.8423827645791461,0.08937681857746517,0.8419657877658634
202,500,5,3,2,log2,42,6,"['rdvi_skewness', 'ref_q3_3', 'tex_homo_cv_4', 'tex_homo_kurtosis_4', 'tex_dis_cv_1', 'tex_mean_q3_1']",0.890247757020772,0.07032757060343818,0.8443832654243626,0.0888078155632801,0.8418800471738161
345,1200,5,3,2,log2,42,7,"['rdvi_skewness', 'ref_q3_3', 'tex_cont_q3_4', 'tex_homo_cv_4', 'tex_homo_kurtosis_4', 'tex_dis_cv_1', 'tex_mean_q3_1']",0.8867839863945852,0.07142871588824144,0.844712111024112,0.08871393265246812,0.8417900270917701
105,100,5,3,2,log2,42,7,"['rdvi_skewness', 'ref_q3_3', 'tex_cont_q3_4', 'tex_homo_cv_4', 'tex_homo_kurtosis_4', 'tex_dis_cv_1', 'tex_mean_q3_1']",0.8845625774221544,0.07212606249955754,0.8446566256802431,0.08872978026130579,0.8417334976688499
317,1000,12,3,2,log2,42,3,"['rdvi_skewness', 'tex_homo_cv_4', 'tex_mean_q3_1']",0.9050812885866996,0.06540257236134417,0.8429560492442361,0.08921413003876802,0.8417030389988444
111,100,5,3,2,log2,42,1,['rdvi_skewness'],0.8399707166461774,0.08492169292551151,0.8419691777278293,0.08949400392079085,0.8415511067694373
58,50,5,3,2,log2,42,6,"['rdvi_skewness', 'ref_q3_3', 'tex_homo_cv_4', 'tex_homo_kurtosis_4', 'tex_dis_cv_1', 'tex_mean_q3_1']",0.8903621383780986,0.07029091413191803,0.8440547612960885,0.08890150199757436,0.8415462587968299
198,500,3,3,2,log2,42,2,"['rdvi_skewness', 'tex_homo_cv_4']",0.7908266285270079,0.09708946575412603,0.8422544193715845,0.08941320023353969,0.8414175727900014
207,500,5,3,2,log2,42,1,['rdvi_skewness'],0.8417251096106433,0.08445491396249925,0.8417291550271128,0.08956194143459677,0.841310449088031
173,200,12,3,2,log2,42,3,"['rdvi_skewness', 'tex_homo_cv_4', 'tex_mean_q3_1']",0.9054300793005485,0.06528229678886928,0.8423518223334403,0.08938559104375098,0.8410939911286539
381,1200,18,3,2,log2,42,3,"['rdvi_skewness', 'tex_homo_cv_4', 'tex_mean_q3_1']",0.9058061593733965,0.06515236209073845,0.8422874846722408,0.0894038287212582,0.8410291401350513
255,700,5,3,2,log2,42,1,['rdvi_skewness'],0.8414505343624381,0.0845281384027534,0.8413350904529893,0.08967336829680383,0.8409153420150342
269,700,12,3,2,log2,42,3,"['rdvi_skewness', 'tex_homo_cv_4', 'tex_mean_q3_1']",0.905394188086355,0.06529468359543576,0.8420722453391392,0.08946481519187821,0.840812183466845
373,1200,15,3,2,log2,42,3,"['rdvi_skewness', 'tex_homo_cv_4', 'tex_mean_q3_1']",0.9060446930977224,0.06506981483038575,0.8418740407145006,0.08952093825894081,0.840612397422329
365,1200,12,3,2,log2,42,3,"['rdvi_skewness', 'tex_homo_cv_4', 'tex_mean_q3_1']",0.9052667252330272,0.06533865470625633,0.8418093729666736,0.08953924178646805,0.8405472137084289
68,50,8,3,2,log2,42,4,"['rdvi_skewness', 'ref_q3_3', 'tex_homo_cv_4', 'tex_mean_q3_1']",0.9225162331151245,0.059091399535018414,0.8422024986219301,0.0894279138579305,0.8405193252738974
84,50,15,3,2,log2,42,4,"['rdvi_skewness', 'ref_q3_3', 'tex_homo_cv_4', 'tex_mean_q3_1']",0.9297881689890802,0.056250198913644606,0.8420097134258632,0.0894825253543714,0.8403244837024058
12,25,5,3,2,log2,42,4,"['rdvi_skewness', 'ref_q3_3', 'tex_homo_cv_4', 'tex_mean_q3_1']",0.8748644528584898,0.07509469565928112,0.8416033584981306,0.08959752709009736,0.8399137943221107
26,25,12,3,2,log2,42,6,"['rdvi_skewness', 'ref_q3_3', 'tex_homo_cv_4', 'tex_homo_kurtosis_4', 'tex_dis_cv_1', 'tex_mean_q3_1']",0.9304349707870969,0.05599050686296344,0.8422408102957533,0.08941705709207694,0.8397031289600281
100,100,3,3,2,log2,42,4,"['rdvi_skewness', 'ref_q3_3', 'tex_homo_cv_4', 'tex_mean_q3_1']",0.8230811358440644,0.08929064997607838,0.8407782247263316,0.08983059363158079,0.8390798591234124
63,50,5,3,2,log2,42,1,['rdvi_skewness'],0.8374657790961576,0.0855837515966269,0.83947919372911,0.09019629637023552,0.839054535511462
15,25,5,3,2,log2,42,1,['rdvi_skewness'],0.8343732596957116,0.086394111066704,0.839433365732559,0.09020917077783377,0.8390085862768251
14,25,5,3,2,log2,42,2,"['rdvi_skewness', 'tex_mean_q3_1']",0.8429911821920486,0.08411644984814588,0.8397515137949657,0.09011975586399205,0.8389013891997136
81,50,15,3,2,log2,42,7,"['rdvi_skewness', 'ref_q3_3', 'tex_cont_q3_4', 'tex_homo_cv_4', 'tex_homo_kurtosis_4', 'tex_dis_cv_1', 'tex_mean_q3_1']",0.937349653754776,0.05313499583496038,0.8417805942576909,0.08954738609515499,0.8388033473754432
28,25,12,3,2,log2,42,4,"['rdvi_skewness', 'ref_q3_3', 'tex_homo_cv_4', 'tex_mean_q3_1']",0.924570488534175,0.05830281990412682,0.8403107540019159,0.08996236704973869,0.838607402044603
102,100,3,3,2,log2,42,2,"['rdvi_skewness', 'tex_homo_cv_4']",0.7884667772485419,0.09763560149318075,0.8394092096865103,0.09021595616927647,0.8385572691543433
25,25,12,3,2,log2,42,7,"['rdvi_skewness', 'ref_q3_3', 'tex_cont_q3_4', 'tex_homo_cv_4', 'tex_homo_kurtosis_4', 'tex_dis_cv_1', 'tex_mean_q3_1']",0.9331963874872696,0.05486796933622702,0.8414118617040967,0.08965167109338212,0.8384276763060554
57,50,5,3,2,log2,42,7,"['rdvi_skewness', 'ref_q3_3', 'tex_cont_q3_4', 'tex_homo_cv_4', 'tex_homo_kurtosis_4', 'tex_dis_cv_1', 'tex_mean_q3_1']",0.8837097002893279,0.07239201380386732,0.8395234461090096,0.09018386285463544,0.8365037260089103
33,25,15,3,2,log2,42,7,"['rdvi_skewness', 'ref_q3_3', 'tex_cont_cv_2', 'tex_homo_cv_4', 'tex_homo_kurtosis_4', 'tex_dis_cv_1', 'tex_mean_q3_1']",0.9328425040119258,0.05501310535690645,0.8391738632974851,0.09028203787382835,0.8361475650262012
158,200,5,3,2,log2,42,2,"['rdvi_skewness', 'tex_mean_q3_1']",0.8471702898556382,0.08298943499021615,0.8366484181545695,0.09098812402597291,0.8357818315134796
206,500,5,3,2,log2,42,2,"['rdvi_skewness', 'tex_mean_q3_1']",0.8464600558308021,0.08318204675381048,0.836387624330601,0.09106072717153828,0.8355196541678986
20,25,8,3,2,log2,42,4,"['rdvi_skewness', 'ref_q3_3', 'tex_homo_cv_4', 'tex_mean_q3_1']",0.9178265236784905,0.060853385287012327,0.8368220688295394,0.09093974876603383,0.8350815042303877
38,25,15,3,2,log2,42,2,"['rdvi_skewness', 'tex_mean_q3_1']",0.8838059295636924,0.07236205570462409,0.8359110512920485,0.09119325238930734,0.8350405528904148
254,700,5,3,2,log2,42,2,"['rdvi_skewness', 'tex_mean_q3_1']",0.8461050197312212,0.08327816368597481,0.8349252745150565,0.09146676739634302,0.834049546528399
52,50,3,3,2,log2,42,4,"['rdvi_skewness', 'ref_q3_3', 'tex_homo_cv_4', 'tex_mean_q3_1']",0.8235153264867965,0.08918101502916849,0.8357986013275653,0.09122449435226412,0.8340471197417261
46,25,18,3,2,log2,42,2,"['rdvi_skewness', 'tex_mean_q3_1']",0.8832892493008984,0.07252276345248174,0.8348425948466591,0.09148967064600003,0.833966428241071
350,1200,5,3,2,log2,42,2,"['rdvi_skewness', 'tex_mean_q3_1']",0.846252567348905,0.0832382324249839,0.8348425931586955,0.09148967111352749,0.8339664265441528
302,1000,5,3,2,log2,42,2,"['rdvi_skewness', 'tex_mean_q3_1']",0.8462702973509582,0.08323343281124027,0.8344505656948192,0.09159818942327755,0.8335723193589828
78,50,12,3,2,log2,42,2,"['rdvi_skewness', 'tex_mean_q3_1']",0.8885750869253015,0.07086145493813352,0.8331290527498251,0.09196305803032698,0.8322437957352353
358,1200,8,3,2,log2,42,2,"['rdvi_skewness', 'tex_mean_q3_1']",0.8821073510019907,0.07288904770699464,0.8331085803339243,0.0919686990609004,0.8322232147123536
147,200,3,3,2,log2,42,5,"['rdvi_skewness', 'ref_q3_3', 'tex_homo_cv_4', 'tex_homo_kurtosis_4', 'tex_mean_q3_1']",0.8285908795943806,0.08788927384353627,0.8342344082794952,0.09165796966080597,0.8320182907431248
44,25,18,3,2,log2,42,4,"['rdvi_skewness', 'ref_q3_3', 'tex_homo_cv_4', 'tex_mean_q3_1']",0.9231382825491367,0.05885372495653119,0.8337658337162744,0.09178742440607868,0.8319926692759148
166,200,8,3,2,log2,42,2,"['rdvi_skewness', 'tex_mean_q3_1']",0.8826144160526553,0.0727321281871773,0.832813980046733,0.09204983582342229,0.8319270515589172
310,1000,8,3,2,log2,42,2,"['rdvi_skewness', 'tex_mean_q3_1']",0.8822849252804481,0.07283413292762711,0.8327839613706608,0.09205809934384239,0.8318968736325741
41,25,18,3,2,log2,42,7,"['rdvi_skewness', 'ref_q3_3', 'tex_cont_cv_2', 'tex_homo_cv_4', 'tex_homo_kurtosis_4', 'tex_dis_cv_1', 'tex_mean_q3_1']",0.9327481887149781,0.055051721723354666,0.8348057189888718,0.09149988384770552,0.8316972244537162
36,25,15,3,2,log2,42,4,"['rdvi_skewness', 'ref_q3_3', 'tex_homo_cv_4', 'tex_mean_q3_1']",0.9236646183233241,0.05865186871877755,0.8322457369343139,0.0922061357183584,0.8304563581282799
69,50,8,3,2,log2,42,3,"['rdvi_skewness', 'tex_homo_cv_4', 'tex_mean_q3_1']",0.8861261862652126,0.07163592053244446,0.8316937314256433,0.09235771604690604,0.8303508622614861
195,500,3,3,2,log2,42,5,"['rdvi_skewness', 'ref_q3_3', 'tex_homo_cv_4', 'tex_homo_kurtosis_4', 'tex_mean_q3_1']",0.8275339075384638,0.08815983627782989,0.8324764257773327,0.09214271484266766,0.8302368058010938
339,1200,3,3,2,log2,42,5,"['rdvi_skewness', 'ref_q3_3', 'tex_homo_cv_4', 'tex_homo_kurtosis_4', 'tex_mean_q3_1']",0.827263381345205,0.08822895189191239,0.8322480157254877,0.09220550944741311,0.8300053421389301
174,200,12,3,2,log2,42,2,"['rdvi_skewness', 'tex_mean_q3_1']",0.8914867658393407,0.0699294748567852,0.83075543242332,0.09261480304952485,0.8298575832584569
141,100,18,3,2,log2,42,3,"['rdvi_skewness', 'ref_q3_3', 'tex_mean_q3_1']",0.9136554242240897,0.06237871774323465,0.8311742073441087,0.09250015009750993,0.8298271930410033
243,700,3,3,2,log2,42,5,"['rdvi_skewness', 'ref_q3_3', 'tex_homo_cv_4', 'tex_homo_kurtosis_4', 'tex_mean_q3_1']",0.8273886194938831,0.08819696205033073,0.8320563695096537,0.09225816394495501,0.829811133807911
291,1000,3,3,2,log2,42,5,"['rdvi_skewness', 'ref_q3_3', 'tex_homo_cv_4', 'tex_homo_kurtosis_4', 'tex_mean_q3_1']",0.827252933408227,0.08823162010609222,0.8316586031769604,0.0923673538208711,0.8294080497434972
182,200,15,3,2,log2,42,2,"['rdvi_skewness', 'tex_mean_q3_1']",0.8918510085619205,0.06981201124452292,0.8302775682703657,0.09274546041363832,0.8293771840171581
190,200,18,3,2,log2,42,2,"['rdvi_skewness', 'tex_mean_q3_1']",0.8916974453667719,0.0698615574884299,0.8300748215480579,0.09280083973387308,0.8291733617154216
374,1200,15,3,2,log2,42,2,"['rdvi_skewness', 'tex_mean_q3_1']",0.8913629989739095,0.0699693431985799,0.8294954583762864,0.09295890824016736,0.8285909249989722
326,1000,15,3,2,log2,42,2,"['rdvi_skewness', 'tex_mean_q3_1']",0.891463443595358,0.06993698926120386,0.829416939837623,0.09298030989153916,0.8285119899163371
334,1000,18,3,2,log2,42,2,"['rdvi_skewness', 'tex_mean_q3_1']",0.8915616985386535,0.06990532614684515,0.8292277955557497,0.09303184438021989,0.8283218422165228
382,1200,18,3,2,log2,42,2,"['rdvi_skewness', 'tex_mean_q3_1']",0.8914009453305651,0.06995712216192088,0.8291835151738229,0.09304390494536864,0.8282773269254082
366,1200,12,3,2,log2,42,2,"['rdvi_skewness', 'tex_mean_q3_1']",0.8911439535828687,0.07003984746539613,0.8290751298732901,0.09307341905349589,0.8281683666365436
30,25,12,3,2,log2,42,2,"['rdvi_skewness', 'tex_mean_q3_1']",0.8847135396116285,0.07207888598534863,0.8287921336471229,0.09315043690629686,0.8278838691041368
125,100,12,3,2,log2,42,3,"['rdvi_skewness', 'ref_q3_3', 'tex_mean_q3_1']",0.9139046313999916,0.06228863416361476,0.829162553998465,0.09304961355651872,0.8277994892697293
318,1000,12,3,2,log2,42,2,"['rdvi_skewness', 'tex_mean_q3_1']",0.8913917186490113,0.06996009391145025,0.8284998567480661,0.09322991371936325,0.8275900416645015
278,700,15,3,2,log2,42,2,"['rdvi_skewness', 'tex_mean_q3_1']",0.8910610157735918,0.07006652418964862,0.8283477381703721,0.09327125146457461,0.8274371160917003
85,50,15,3,2,log2,42,3,"['rdvi_skewness', 'tex_homo_cv_4', 'tex_mean_q3_1']",0.900495388640549,0.06696386574386358,0.8286947582881183,0.09317692303705544,0.8273279611468001
286,700,18,3,2,log2,42,2,"['rdvi_skewness', 'tex_mean_q3_1']",0.8911448514714382,0.07003955860634696,0.8278956366722604,0.09339400062842128,0.826982616177153
270,700,12,3,2,log2,42,2,"['rdvi_skewness', 'tex_mean_q3_1']",0.8911060640961513,0.0700520357777279,0.8276237019019801,0.09346775544591711,0.8267092387820967
77,50,12,3,2,log2,42,3,"['rdvi_skewness', 'tex_homo_cv_4', 'tex_mean_q3_1']",0.9006137591415896,0.0669240238461576,0.827937132969988,0.09338274077766487,0.8265642909458124
109,100,5,3,2,log2,42,3,"['rdvi_skewness', 'tex_homo_cv_4', 'tex_mean_q3_1']",0.8386476259730751,0.08527202822631194,0.8262315935695254,0.09384441857152252,0.8248451435182184
338,1200,3,3,2,log2,42,6,"['rdvi_skewness', 'ref_q3_3', 'tex_cont_q3_4', 'tex_homo_cv_4', 'tex_homo_kurtosis_4', 'tex_mean_q3_1']",0.8192740836676546,0.09024624295498249,0.8275182595656002,0.0934963381221244,0.8247437543575402
336,1200,3,3,2,log2,42,8,"['rdvi_skewness', 'ref_q3_3', 'tex_cont_cv_2', 'tex_cont_q3_4', 'tex_homo_cv_4', 'tex_homo_kurtosis_4', 'tex_dis_cv_1', 'tex_mean_q3_1']",0.8279293423851346,0.08805871066927701,0.828313674750756,0.0932805055814073,0.8246115437480769
301,1000,5,3,2,log2,42,3,"['rdvi_skewness', 'tex_homo_cv_4', 'tex_mean_q3_1']",0.8405514304865709,0.08476747108100115,0.8259074698961775,0.09393190002886703,0.8245184337517321
288,1000,3,3,2,log2,42,8,"['rdvi_skewness', 'ref_q3_3', 'tex_cont_cv_2', 'tex_cont_q3_4', 'tex_homo_cv_4', 'tex_homo_kurtosis_4', 'tex_dis_cv_1', 'tex_mean_q3_1']",0.8274403238541138,0.0881837517132564,0.8277815502783948,0.09342495051065158,0.8240679448935624
192,500,3,3,2,log2,42,8,"['rdvi_skewness', 'ref_q3_3', 'tex_cont_cv_2', 'tex_cont_q3_4', 'tex_homo_cv_4', 'tex_homo_kurtosis_4', 'tex_dis_cv_1', 'tex_mean_q3_1']",0.8272307008183845,0.0882372976389979,0.8272042439289995,0.09358140788521087,0.8234781898897326
349,1200,5,3,2,log2,42,3,"['rdvi_skewness', 'tex_homo_cv_4', 'tex_mean_q3_1']",0.8406716434283136,0.08473551071760405,0.8247453918217547,0.09424487914068488,0.8233470837777793
253,700,5,3,2,log2,42,3,"['rdvi_skewness', 'tex_homo_cv_4', 'tex_mean_q3_1']",0.8399198711965588,0.08493518276514414,0.8246809799623734,0.09426219660323827,0.8232821579939881
93,50,18,3,2,log2,42,3,"['rdvi_skewness', 'tex_homo_cv_4', 'tex_mean_q3_1']",0.8986734768041126,0.06757413321231338,0.8246082863935659,0.0942817368257498,0.8232088844233018
205,500,5,3,2,log2,42,3,"['rdvi_skewness', 'tex_homo_cv_4', 'tex_mean_q3_1']",0.8395768173511569,0.08502614267238592,0.8243038447162049,0.09436352759183798,0.8229020136900044
144,200,3,3,2,log2,42,8,"['rdvi_skewness', 'ref_q3_3', 'tex_cont_cv_2', 'tex_cont_q3_4', 'tex_homo_cv_4', 'tex_homo_kurtosis_4', 'tex_dis_cv_1', 'tex_mean_q3_1']",0.8281046303838102,0.08801384663365759,0.8266098612587586,0.09374222033029161,0.8228709903425053
99,100,3,3,2,log2,42,5,"['rdvi_skewness', 'ref_q3_3', 'tex_homo_cv_4', 'tex_homo_kurtosis_4', 'tex_mean_q3_1']",0.8237094722190582,0.08913194879176428,0.8249867559390047,0.09417995882357433,0.8226470066868523
240,700,3,3,2,log2,42,8,"['rdvi_skewness', 'ref_q3_3', 'tex_cont_cv_2', 'tex_cont_q3_4', 'tex_homo_cv_4', 'tex_homo_kurtosis_4', 'tex_dis_cv_1', 'tex_mean_q3_1']",0.8269538946882145,0.08830795501194735,0.8261932054207145,0.09385478384631074,0.8224453500119968
51,50,3,3,2,log2,42,5,"['rdvi_skewness', 'ref_q3_3', 'tex_homo_cv_4', 'tex_homo_kurtosis_4', 'tex_mean_q3_1']",0.8197850926117274,0.0901185654100792,0.8247544045961537,0.094242455755749,0.8224115490426263
157,200,5,3,2,log2,42,3,"['rdvi_skewness', 'tex_homo_cv_4', 'tex_mean_q3_1']",0.8391722563530625,0.08513328616992367,0.8235591130177089,0.09456330771063853,0.8221513399832757
9,25,5,3,2,log2,42,7,"['rdvi_skewness', 'ref_q3_3', 'tex_cont_q3_4', 'tex_homo_cv_4', 'tex_homo_kurtosis_4', 'tex_dis_cv_1', 'tex_mean_q3_1']",0.880395250594223,0.07341640692164977,0.8253388666972744,0.09408517035966611,0.8220522324684597
2,25,3,3,2,log2,42,6,"['rdvi_skewness', 'ref_q3_3', 'tex_homo_cv_4', 'tex_homo_kurtosis_4', 'tex_dis_cv_1', 'tex_mean_q3_1']",0.8324996189905175,0.08688140045023636,0.8247781487548913,0.09423607104854297,0.8219595666973293
96,100,3,3,2,log2,42,8,"['rdvi_skewness', 'ref_q3_3', 'tex_cont_cv_2', 'tex_cont_q3_4', 'tex_homo_cv_4', 'tex_homo_kurtosis_4', 'tex_dis_cv_1', 'tex_mean_q3_1']",0.8277914816368995,0.08809397934702054,0.8246894887229799,0.0942599091611891,0.8209092081563595
4,25,3,3,2,log2,42,4,"['rdvi_skewness', 'ref_q3_3', 'tex_homo_cv_4', 'tex_mean_q3_1']",0.8168276763660333,0.09085500161946378,0.8215100504664493,0.09511081915334338,0.8196061576714248
98,100,3,3,2,log2,42,6,"['rdvi_skewness', 'ref_q3_3', 'tex_homo_cv_4', 'tex_homo_kurtosis_4', 'tex_dis_cv_1', 'tex_mean_q3_1']",0.8292200992564647,0.08772781072054926,0.821568653084749,0.09509520426684763,0.8186984437509917
142,100,18,3,2,log2,42,2,"['rdvi_skewness', 'ref_q3_3']",0.9122306218832398,0.06289127853479298,0.8183432574182155,0.09595084414340319,0.8173795611710972
146,200,3,3,2,log2,42,6,"['rdvi_skewness', 'ref_q3_3', 'tex_homo_cv_4', 'tex_homo_kurtosis_4', 'tex_dis_cv_1', 'tex_mean_q3_1']",0.8292444199821947,0.08772156384963221,0.8198419531293553,0.09555421987931174,0.8169439684611948
48,50,3,3,2,log2,42,8,"['rdvi_skewness', 'ref_q3_3', 'tex_cont_cv_2', 'tex_cont_q3_4', 'tex_homo_cv_4', 'tex_homo_kurtosis_4', 'tex_dis_cv_1', 'tex_mean_q3_1']",0.829196034300961,0.08773399145811049,0.8195546933300348,0.09563036955313908,0.8156636894126232
126,100,12,3,2,log2,42,2,"['rdvi_skewness', 'ref_q3_3']",0.912169651366878,0.0629131189996143,0.8151945152250512,0.09677885216491,0.8142141147753167
61,50,5,3,2,log2,42,3,"['rdvi_skewness', 'tex_homo_cv_4', 'tex_mean_q3_1']",0.8372902966676729,0.08562994000221931,0.814853193471004,0.0968681825477366,0.813375958312528
3,25,3,3,2,log2,42,5,"['rdvi_skewness', 'ref_q3_3', 'tex_homo_cv_4', 'tex_homo_kurtosis_4', 'tex_mean_q3_1']",0.8203757560865631,0.08997076012253931,0.8151750641251359,0.09678394510247929,0.8127041425225308
290,1000,3,3,2,log2,42,6,"['rdvi_skewness', 'ref_q3_3', 'tex_homo_cv_4', 'tex_homo_kurtosis_4', 'tex_dis_cv_1', 'tex_mean_q3_1']",0.8266504962530095,0.08838533543582196,0.8156392616855506,0.09666232970593702,0.8126736734016721
359,1200,8,3,2,log2,42,1,['rdvi_skewness'],0.8709212521396671,0.07626868966146555,0.8117015173873647,0.0976891765623985,0.8112033732534689
13,25,5,3,2,log2,42,3,"['rdvi_skewness', 'tex_homo_cv_4', 'tex_mean_q3_1']",0.8309590911200568,0.0872800171003301,0.8125966004533823,0.09745671561444547,0.8111013605633827
311,1000,8,3,2,log2,42,1,['rdvi_skewness'],0.870821261323,0.07629822470252069,0.8108372564702631,0.09791310900972613,0.8103368259318247
241,700,3,3,2,log2,42,7,"['rdvi_skewness', 'ref_q3_3', 'tex_cont_q3_4', 'tex_homo_cv_4', 'tex_homo_kurtosis_4', 'tex_dis_cv_1', 'tex_mean_q3_1']",0.8201777600363707,0.09002033290985541,0.8138320671902972,0.09713494015346419,0.8103289071643082
242,700,3,3,2,log2,42,6,"['rdvi_skewness', 'ref_q3_3', 'tex_homo_cv_4', 'tex_homo_kurtosis_4', 'tex_dis_cv_1', 'tex_mean_q3_1']",0.8254996212723278,0.08867824714157292,0.8126122043336131,0.09745265823187414,0.8095979234381753
29,25,12,3,2,log2,42,3,"['rdvi_skewness', 'tex_homo_cv_4', 'tex_mean_q3_1']",0.8933297966907319,0.06933307698853738,0.8109194248703286,0.09789184098083868,0.8094108032602515
215,500,8,3,2,log2,42,1,['rdvi_skewness'],0.8712315788396723,0.07617695320650994,0.8093477380331395,0.09829785021376558,0.8088433669697351
97,100,3,3,2,log2,42,7,"['rdvi_skewness', 'ref_q3_3', 'tex_cont_q3_4', 'tex_homo_cv_4', 'tex_homo_kurtosis_4', 'tex_dis_cv_1', 'tex_mean_q3_1']",0.8212118021852307,0.08976113520888103,0.8122211030833665,0.09755430303215344,0.8086876292166556
194,500,3,3,2,log2,42,6,"['rdvi_skewness', 'ref_q3_3', 'tex_homo_cv_4', 'tex_homo_kurtosis_4', 'tex_dis_cv_1', 'tex_mean_q3_1']",0.8255946783018767,0.08865409063515264,0.8116707924228872,0.09769714628687083,0.808641368172317
145,200,3,3,2,log2,42,7,"['rdvi_skewness', 'ref_q3_3', 'tex_cont_q3_4', 'tex_homo_cv_4', 'tex_homo_kurtosis_4', 'tex_dis_cv_1', 'tex_mean_q3_1']",0.8243605128713338,0.08896721448420696,0.8120460568758056,0.09759976216856188,0.8085092891288449
263,700,8,3,2,log2,42,1,['rdvi_skewness'],0.8710766847198175,0.07622275564710673,0.8089733429705632,0.09839431951196599,0.8084679814440303
289,1000,3,3,2,log2,42,7,"['rdvi_skewness', 'ref_q3_3', 'tex_cont_q3_4', 'tex_homo_cv_4', 'tex_homo_kurtosis_4', 'tex_dis_cv_1', 'tex_mean_q3_1']",0.8198934270580702,0.09009147438665464,0.8119767617142366,0.09761775212909418,0.8084386900260636
45,25,18,3,2,log2,42,3,"['rdvi_skewness', 'tex_homo_cv_4', 'tex_mean_q3_1']",0.8933611916338915,0.06932287325718518,0.8098826419471201,0.09815985857304341,0.8083657481328684
167,200,8,3,2,log2,42,1,['rdvi_skewness'],0.8709410672561453,0.07626283536322376,0.808802362636452,0.09843834407654975,0.8082965487809929
294,1000,3,3,2,log2,42,2,"['rdvi_skewness', 'tex_mean_q3_1']",0.7903092035385777,0.09720947502351915,0.8092491796679999,0.09832325464266178,0.8082372389765835
193,500,3,3,2,log2,42,7,"['rdvi_skewness', 'ref_q3_3', 'tex_cont_q3_4', 'tex_homo_cv_4', 'tex_homo_kurtosis_4', 'tex_dis_cv_1', 'tex_mean_q3_1']",0.8210661952682368,0.08979767895828249,0.8112335733374967,0.097810485834016,0.8076815169218043
337,1200,3,3,2,log2,42,7,"['rdvi_skewness', 'ref_q3_3', 'tex_cont_q3_4', 'tex_homo_cv_4', 'tex_homo_kurtosis_4', 'tex_dis_cv_1', 'tex_mean_q3_1']",0.8190964842443432,0.09029057457427003,0.8112071726755645,0.09781732542761809,0.807654619473223
246,700,3,3,2,log2,42,2,"['rdvi_skewness', 'tex_mean_q3_1']",0.7897916623148025,0.0973293632281744,0.8083142329354124,0.09856392107303631,0.8072973323143801
342,1200,3,3,2,log2,42,2,"['rdvi_skewness', 'tex_mean_q3_1']",0.7897408545060034,0.09734112487606655,0.8081406052858706,0.09860855023005898,0.8071227835632493
50,50,3,3,2,log2,42,6,"['rdvi_skewness', 'ref_q3_3', 'tex_homo_cv_4', 'tex_homo_kurtosis_4', 'tex_dis_cv_1', 'tex_mean_q3_1']",0.8275464825376133,0.08815662222555122,0.8097800164652005,0.09818634837863834,0.8067201775879651
37,25,15,3,2,log2,42,3,"['rdvi_skewness', 'tex_homo_cv_4', 'tex_mean_q3_1']",0.8937755913527596,0.06918804737753838,0.8077658980609048,0.0987047960070023,0.8062321153326674
150,200,3,3,2,log2,42,2,"['rdvi_skewness', 'tex_mean_q3_1']",0.7883419233988556,0.09766441111070513,0.8066950963944525,0.09897932191499972,0.8056696061896484
54,50,3,3,2,log2,42,2,"['rdvi_skewness', 'tex_mean_q3_1']",0.7891898007676512,0.09746859873966543,0.80592152920654,0.09917717180293457,0.8048919351970256
0,25,3,3,2,log2,42,8,"['rdvi_skewness', 'ref_q3_3', 'tex_cont_cv_2', 'tex_cont_q3_4', 'tex_homo_cv_4', 'tex_homo_kurtosis_4', 'tex_dis_cv_1', 'tex_mean_q3_1']",0.8273637472285811,0.0882033161482325,0.808402191403647,0.09854130456262841,0.8042707022694938
21,25,8,3,2,log2,42,3,"['rdvi_skewness', 'tex_homo_cv_4', 'tex_mean_q3_1']",0.877046868081128,0.07443697417936311,0.8052892813741392,0.09933858477838615,0.8037357384063797
367,1200,12,3,2,log2,42,1,['rdvi_skewness'],0.8776382995711716,0.07425772929435744,0.8039041353435302,0.09969129930715756,0.8033853632148094
119,100,8,3,2,log2,42,1,['rdvi_skewness'],0.8697708515440131,0.07660780404496041,0.8034340966799439,0.09981070702351721,0.8029140810626951
375,1200,15,3,2,log2,42,1,['rdvi_skewness'],0.878034716036619,0.07413734494614281,0.8032446673310085,0.09985878892369449,0.8027241505779159
383,1200,18,3,2,log2,42,1,['rdvi_skewness'],0.8780639809622242,0.0741284499803912,0.8032023225836586,0.099869533912523,0.8026816938074249
319,1000,12,3,2,log2,42,1,['rdvi_skewness'],0.877541188675602,0.07428719032815921,0.8027468090430645,0.09998504755013332,0.802224975204554
327,1000,15,3,2,log2,42,1,['rdvi_skewness'],0.8779370852933648,0.07416701173307302,0.8020603750545913,0.1001588686379081,0.8015367252531485
335,1000,18,3,2,log2,42,1,['rdvi_skewness'],0.8779648884061478,0.07415856448587464,0.8020144051351326,0.1001704985170413,0.8014906337201462
223,500,12,3,2,log2,42,1,['rdvi_skewness'],0.8779384385472573,0.07416660060461629,0.80178649332293,0.10022813774433119,0.8012621189666413
271,700,12,3,2,log2,42,1,['rdvi_skewness'],0.8776984016017633,0.0742394899740493,0.8015841041303275,0.10027929449128688,0.8010591943528945
231,500,15,3,2,log2,42,1,['rdvi_skewness'],0.878332374204907,0.07404682301191978,0.8011164708418791,0.10039739576096983,0.8005903239393444
239,500,18,3,2,log2,42,1,['rdvi_skewness'],0.8783593286572504,0.07403862032815503,0.8010184951020543,0.10042212203676897,0.8004920890044407
279,700,15,3,2,log2,42,1,['rdvi_skewness'],0.8780821067873491,0.07412294016766917,0.8009883488387743,0.100429728867055,0.8004618629891415
71,50,8,3,2,log2,42,1,['rdvi_skewness'],0.8668787144973106,0.0774537883623796,0.8009675434646322,0.10043497836743447,0.8004410025743269
287,700,18,3,2,log2,42,1,['rdvi_skewness'],0.8781093843841483,0.07411464766552583,0.8009269937592731,0.1004452088631039,0.8004003455946151
175,200,12,3,2,log2,42,1,['rdvi_skewness'],0.8775854240457684,0.07427377186467995,0.8005422224179657,0.10054223301877721,0.8000145563397063
183,200,15,3,2,log2,42,1,['rdvi_skewness'],0.8779293947656777,0.07416934812850755,0.7998297967757207,0.1007216319335924,0.7993002459735401
191,200,18,3,2,log2,42,1,['rdvi_skewness'],0.8779611958311926,0.07415968643341475,0.7997483369907219,0.10074212431403251,0.7992185706864645
6,25,3,3,2,log2,42,2,"['rdvi_skewness', 'tex_mean_q3_1']",0.7831179969853528,0.09886229110064886,0.8002583430285861,0.10061375622456481,0.799198705591072
23,25,8,3,2,log2,42,1,['rdvi_skewness'],0.8638962848095852,0.07831661411303806,0.7991634694554011,0.10088913392642575,0.7986321558825318
127,100,12,3,2,log2,42,1,['rdvi_skewness'],0.8765722202835086,0.07458051388719693,0.7952334165648521,0.10187147180955235,0.794691706026664
135,100,15,3,2,log2,42,1,['rdvi_skewness'],0.8768757165187276,0.07448876453953181,0.7950655576699586,0.10191321819550794,0.7945234030606199
143,100,18,3,2,log2,42,1,['rdvi_skewness'],0.876914295887633,0.07447709358969237,0.7949860769095534,0.10193297903892239,0.7944437120336527
79,50,12,3,2,log2,42,1,['rdvi_skewness'],0.8732107211648152,0.07558927482847712,0.7941327551914554,0.10214489465247041,0.7935881328506921
87,50,15,3,2,log2,42,1,['rdvi_skewness'],0.8736597197989266,0.07545531404630282,0.7937526238589857,0.1022391558046011,0.7932069958797767
95,50,18,3,2,log2,42,1,['rdvi_skewness'],0.8736711705583651,0.07545189455005635,0.7937360796162298,0.10224325630644812,0.7931904078691828
31,25,12,3,2,log2,42,1,['rdvi_skewness'],0.8695590442290544,0.0766700769739489,0.7936666117077446,0.10226047218025214,0.7931207561831619
39,25,15,3,2,log2,42,1,['rdvi_skewness'],0.8700498779687857,0.07652569084701351,0.7928635836400724,0.10245927249669456,0.7923156037026122
47,25,18,3,2,log2,42,1,['rdvi_skewness'],0.8700413575634922,0.07652819957576146,0.7928219769541363,0.1024695622776897,0.7922738869460784
49,50,3,3,2,log2,42,7,"['rdvi_skewness', 'ref_q3_3', 'tex_cont_q3_4', 'tex_homo_cv_4', 'tex_homo_kurtosis_4', 'tex_dis_cv_1', 'tex_mean_q3_1']",0.8168437283215274,0.0908510205802819,0.7956126047244673,0.10177710495791242,0.791766605351003
101,100,3,3,2,log2,42,3,"['rdvi_skewness', 'tex_homo_cv_4', 'tex_mean_q3_1']",0.7779258572291552,0.10003867024874105,0.7909612670898124,0.10292868417439312,0.789293404859146
149,200,3,3,2,log2,42,3,"['rdvi_skewness', 'tex_homo_cv_4', 'tex_mean_q3_1']",0.7756933157625534,0.10054026391174613,0.7874195051171751,0.10379698664802484,0.7857233841473653
293,1000,3,3,2,log2,42,3,"['rdvi_skewness', 'tex_homo_cv_4', 'tex_mean_q3_1']",0.7766582120954193,0.10032378466401595,0.7841192072150616,0.1045996041224535,0.7823967540811392
245,700,3,3,2,log2,42,3,"['rdvi_skewness', 'tex_homo_cv_4', 'tex_mean_q3_1']",0.7754887551379668,0.10058609823980179,0.7830063725174607,0.10486885560078928,0.7812750403832915
341,1200,3,3,2,log2,42,3,"['rdvi_skewness', 'tex_homo_cv_4', 'tex_mean_q3_1']",0.7760808979078582,0.1004533640072345,0.7826266644096671,0.1049605683178119,0.7808923026895315
197,500,3,3,2,log2,42,3,"['rdvi_skewness', 'tex_homo_cv_4', 'tex_mean_q3_1']",0.774366381870512,0.10083720905489854,0.7820346999901769,0.10510338868301032,0.780295615149673
1,25,3,3,2,log2,42,7,"['rdvi_skewness', 'ref_q3_3', 'tex_cont_q3_4', 'tex_homo_cv_4', 'tex_homo_kurtosis_4', 'tex_dis_cv_1', 'tex_mean_q3_1']",0.8117510995548927,0.0921054093807614,0.7827034535251902,0.10494202754069253,0.7786145400162556
53,50,3,3,2,log2,42,3,"['rdvi_skewness', 'tex_homo_cv_4', 'tex_mean_q3_1']",0.7740448102630078,0.10090903974758782,0.7759468154562532,0.10656107652197219,0.7741591570689361
5,25,3,3,2,log2,42,3,"['rdvi_skewness', 'tex_homo_cv_4', 'tex_mean_q3_1']",0.7650689215855905,0.10289378641656287,0.7566109800808044,0.11106405601030148,0.7546690464112363
