,kernel,C,epsilon,gamma,num_features,selected_features,r2_train,rmse_train,r2_val,rmse_val,r2_adj
55,rbf,10,0.01,scale,1,['rdvi_skewness'],0.75549959928327,0.10496842979870166,0.869531342040764,0.08131602417149521,0.8691861868609776
79,rbf,100,0.001,scale,1,['rdvi_skewness'],0.7545228256096783,0.1051778940794461,0.8694862946030022,0.08133006111515015,0.8691410202501001
71,rbf,100,0.0001,scale,1,['rdvi_skewness'],0.754658470293276,0.1051488306978541,0.8690781073748316,0.08145714346127314,0.8687317531615375
87,rbf,100,0.01,scale,1,['rdvi_skewness'],0.7539138975040857,0.10530826487118372,0.8690358808602655,0.0814702786744951,0.8686894149366154
23,rbf,1,0.01,scale,1,['rdvi_skewness'],0.7554730116535628,0.10497413691792706,0.8668593131432476,0.08214448955876383,0.866507089103944
47,rbf,10,0.001,scale,1,['rdvi_skewness'],0.7536895560521196,0.10535625544621892,0.8662822985705936,0.08232229893025726,0.8659285480377116
39,rbf,10,0.0001,scale,1,['rdvi_skewness'],0.7542422643849465,0.10523798197171487,0.8662711211372072,0.08232573950983142,0.8659173410343955
15,rbf,1,0.001,scale,1,['rdvi_skewness'],0.7534507087383839,0.10540732506542078,0.8651106147132487,0.08268218147864291,0.8647537644876224
54,rbf,10,0.01,scale,2,"['rdvi_skewness', 'tex_dis_cv_1']",0.8014409089927998,0.09459404588818492,0.8649241892432751,0.08273929769422732,0.8642076066928415
7,rbf,1,0.0001,scale,1,['rdvi_skewness'],0.7530810828743065,0.10548630862625673,0.8643634728623574,0.082910850368669,0.8640046460709879
46,rbf,10,0.001,scale,2,"['rdvi_skewness', 'tex_dis_cv_1']",0.8029590049701173,0.09423173969695657,0.8601731262111239,0.08418183003807617,0.8594313390822704
86,rbf,100,0.01,scale,2,"['rdvi_skewness', 'tex_dis_cv_1']",0.8085606034115609,0.0928826444122835,0.8596559058708824,0.08433738084067778,0.8589113748675449
38,rbf,10,0.0001,scale,2,"['rdvi_skewness', 'tex_dis_cv_1']",0.8028017424120373,0.09426933636243873,0.8594482724099831,0.08439974466994964,0.8587026399028743
70,rbf,100,0.0001,scale,2,"['rdvi_skewness', 'tex_dis_cv_1']",0.8080456758960795,0.09300747689690497,0.858472367324621,0.08469224786665497,0.8577215576022051
78,rbf,100,0.001,scale,2,"['rdvi_skewness', 'tex_dis_cv_1']",0.8081877343871795,0.09297305478289428,0.8582508540815841,0.08475850036836176,0.8574988692226004
37,rbf,10,0.0001,scale,3,"['rdvi_skewness', 'tex_homo_kurtosis_4', 'tex_dis_cv_1']",0.8449029729919613,0.08360276664071296,0.8569920919881773,0.08513400518503653,0.8558510714455297
45,rbf,10,0.001,scale,3,"['rdvi_skewness', 'tex_homo_kurtosis_4', 'tex_dis_cv_1']",0.8458503944189623,0.08334702871532652,0.8566850080356501,0.08522536120760812,0.8555415373550834
53,rbf,10,0.01,scale,3,"['rdvi_skewness', 'tex_homo_kurtosis_4', 'tex_dis_cv_1']",0.8496148721585122,0.08232303208390379,0.851081901423988,0.08687539253972591,0.8498937251055624
22,rbf,1,0.01,scale,2,"['rdvi_skewness', 'tex_mean_q3_1']",0.7729619230053545,0.10115055334979765,0.8336101687950643,0.09183039011873262,0.8327274641202371
19,rbf,1,0.01,scale,5,"['rdvi_skewness', 'tex_cont_q3_4', 'tex_homo_cv_4', 'tex_homo_kurtosis_4', 'tex_mean_q3_1']",0.8713361176121455,0.0761460253516236,0.8342730088193034,0.0916472972013913,0.8320574073329305
3,rbf,1,0.0001,scale,5,"['rdvi_skewness', 'tex_cont_q3_4', 'tex_homo_cv_4', 'tex_homo_kurtosis_4', 'tex_mean_q3_1']",0.8653790607797166,0.07788883736066121,0.8338598640995994,0.091761460948193,0.8316387392880967
11,rbf,1,0.001,scale,5,"['rdvi_skewness', 'tex_cont_q3_4', 'tex_homo_cv_4', 'tex_homo_kurtosis_4', 'tex_mean_q3_1']",0.8654950836568523,0.07785526593036791,0.8323239744659044,0.09218463157999042,0.8300823163705289
10,rbf,1,0.001,scale,6,"['rdvi_skewness', 'ref_q3_3', 'tex_cont_q3_4', 'tex_homo_cv_4', 'tex_homo_kurtosis_4', 'tex_mean_q3_1']",0.9022807355231138,0.06636040193592287,0.8305526892207452,0.09267025948756462,0.8278269952135722
18,rbf,1,0.01,scale,6,"['rdvi_skewness', 'ref_q3_3', 'tex_cont_q3_4', 'tex_homo_cv_4', 'tex_homo_kurtosis_4', 'tex_mean_q3_1']",0.9050209958743898,0.06542334104025059,0.830251405959791,0.0927526083846369,0.8275208655730852
2,rbf,1,0.0001,scale,6,"['rdvi_skewness', 'ref_q3_3', 'tex_cont_q3_4', 'tex_homo_cv_4', 'tex_homo_kurtosis_4', 'tex_mean_q3_1']",0.9020166272770929,0.06645001836529676,0.8298888059097398,0.0928516199829462,0.827152432814454
14,rbf,1,0.001,scale,2,"['rdvi_skewness', 'tex_mean_q3_1']",0.7694426259073521,0.10193150151429232,0.82761685607525,0.0934696114368882,0.8267023566379834
6,rbf,1,0.0001,scale,2,"['rdvi_skewness', 'tex_mean_q3_1']",0.7694669503817733,0.10192612433732871,0.8273438142627445,0.0935436065319411,0.8264278663277989
35,rbf,10,0.0001,scale,5,"['rdvi_skewness', 'tex_cont_q3_4', 'tex_homo_cv_4', 'tex_homo_kurtosis_4', 'tex_dis_cv_1']",0.9053702697713734,0.06530293700016718,0.822742180841087,0.09478197186601425,0.8203724239004597
43,rbf,10,0.001,scale,5,"['rdvi_skewness', 'tex_cont_q3_4', 'tex_homo_cv_4', 'tex_homo_kurtosis_4', 'tex_dis_cv_1']",0.9058661822494669,0.0651316003545235,0.8225501696049524,0.09483329337568847,0.8201778456691897
21,rbf,1,0.01,scale,3,"['rdvi_skewness', 'tex_homo_cv_4', 'tex_mean_q3_1']",0.8010484323690774,0.09468748815684541,0.8205496402306297,0.09536635975161042,0.8191178554452359
5,rbf,1,0.0001,scale,3,"['rdvi_skewness', 'tex_homo_cv_4', 'tex_mean_q3_1']",0.7972946051072629,0.09557659774009375,0.820226274366733,0.095452245189199,0.8187919095345527
13,rbf,1,0.001,scale,3,"['rdvi_skewness', 'tex_homo_cv_4', 'tex_mean_q3_1']",0.7973005392785826,0.09557519873426946,0.8196929298474833,0.09559373201930384,0.8182543096069047
51,rbf,10,0.01,scale,5,"['rdvi_skewness', 'tex_cont_q3_4', 'tex_homo_cv_4', 'tex_homo_kurtosis_4', 'tex_dis_cv_1']",0.909775412143603,0.06376485354784488,0.8178278990732927,0.09608685353552217,0.8153924431785506
63,rbf,10,0.1,scale,1,['rdvi_skewness'],0.7317738093010994,0.10994348623718725,0.8091172071508209,0.09835726163614043,0.8086122262173575
4,rbf,1,0.0001,scale,4,"['rdvi_skewness', 'tex_cont_q3_4', 'tex_homo_cv_4', 'tex_mean_q3_1']",0.8288896255435116,0.08781265010561111,0.8052417227639791,0.0993507158942507,0.8031643011401282
12,rbf,1,0.001,scale,4,"['rdvi_skewness', 'tex_cont_q3_4', 'tex_homo_cv_4', 'tex_mean_q3_1']",0.8282727905081906,0.08797078543630178,0.8041353242992222,0.09963251600632737,0.8020461010917472
206,linear,10,0.1,scale,4,"['rdvi_skewness', 'tex_homo_cv_4', 'tex_homo_kurtosis_4', 'tex_mean_q3_1']",0.7499309169836801,0.10615706772071248,0.8028652293044882,0.09995503020793092,0.8007624584170694
177,linear,1,0.1,scale,4,"['rdvi_skewness', 'tex_homo_cv_4', 'tex_homo_kurtosis_4', 'tex_mean_q3_1']",0.7499856955755784,0.10614544002745381,0.8024824402092208,0.10005202765710303,0.8003755862381191
235,linear,100,0.1,scale,4,"['rdvi_skewness', 'tex_homo_cv_4', 'tex_homo_kurtosis_4', 'tex_mean_q3_1']",0.7500324837549375,0.10613550742725202,0.801906715695345,0.10019773746440461,0.799793720662762
234,linear,100,0.1,scale,5,"['rdvi_skewness', 'ref_q3_3', 'tex_homo_cv_4', 'tex_homo_kurtosis_4', 'tex_mean_q3_1']",0.7540723128905206,0.10527436386060601,0.7983319555420741,0.10109777143236186,0.7956358586910324
205,linear,10,0.1,scale,5,"['rdvi_skewness', 'ref_q3_3', 'tex_homo_cv_4', 'tex_homo_kurtosis_4', 'tex_mean_q3_1']",0.7540621223118417,0.10527654498056668,0.7983094443863017,0.10110341378432923,0.7956130465839795
176,linear,1,0.1,scale,5,"['rdvi_skewness', 'ref_q3_3', 'tex_homo_cv_4', 'tex_homo_kurtosis_4', 'tex_mean_q3_1']",0.7540406817289687,0.10528113382494432,0.7983025882881681,0.10110513218168733,0.79560609882678
236,linear,100,0.1,scale,3,"['rdvi_skewness', 'tex_homo_cv_4', 'tex_homo_kurtosis_4']",0.7379651797605378,0.10866718479608418,0.7972226365383419,0.10137544526059689,0.7956047320426372
178,linear,1,0.1,scale,3,"['rdvi_skewness', 'tex_homo_cv_4', 'tex_homo_kurtosis_4']",0.7379751868649354,0.1086651097774962,0.797163695627775,0.10139017749405897,0.7955453208588477
207,linear,10,0.1,scale,3,"['rdvi_skewness', 'tex_homo_cv_4', 'tex_homo_kurtosis_4']",0.737957248284533,0.10866882939554225,0.7970576405141875,0.10141668049513251,0.7954384195608433
20,rbf,1,0.01,scale,4,"['rdvi_skewness', 'tex_cont_q3_4', 'tex_homo_cv_4', 'tex_mean_q3_1']",0.829939932230207,0.08754273023257447,0.7971129561359385,0.10140285807512209,0.7949488276680552
31,rbf,1,0.1,scale,1,['rdvi_skewness'],0.7155380229687192,0.11322205291868906,0.7950030181653496,0.10192876735338832,0.7944606981075859
93,rbf,100,0.1,scale,3,"['rdvi_skewness', 'ref_q3_3', 'tex_mean_q3_1']",0.8202952625624225,0.08999091679027067,0.7958029697044933,0.10172969667714317,0.7941737380797951
34,rbf,10,0.0001,scale,6,"['rdvi_skewness', 'tex_cont_q3_4', 'tex_homo_cv_4', 'tex_homo_kurtosis_4', 'tex_dis_cv_1', 'tex_mean_q3_1']",0.9266307703540609,0.057501065553205374,0.7973357864095179,0.10134715753909006,0.7940757722498855
30,rbf,1,0.1,scale,2,"['rdvi_skewness', 'tex_homo_cv_4']",0.7487195997467454,0.10641386584285385,0.794924638940023,0.10194825138250324,0.7938367059901027
42,rbf,10,0.001,scale,6,"['rdvi_skewness', 'tex_cont_q3_4', 'tex_homo_cv_4', 'tex_homo_kurtosis_4', 'tex_dis_cv_1', 'tex_mean_q3_1']",0.9269980174105011,0.057356975253156396,0.7963068613475368,0.10160410129824109,0.7930302961145212
62,rbf,10,0.1,scale,2,"['rdvi_skewness', 'tex_cont_q3_4']",0.7437309175317544,0.10746499432698778,0.7916461848666257,0.10275992232349822,0.7905408595874036
1,rbf,1,0.0001,scale,7,"['rdvi_skewness', 'ref_q3_3', 'tex_cont_q3_4', 'tex_homo_cv_4', 'tex_homo_kurtosis_4', 'tex_dis_cv_1', 'tex_mean_q3_1']",0.9097265349784585,0.06378212280544017,0.7936264185557016,0.10227043171854469,0.7897430447113196
9,rbf,1,0.001,scale,7,"['rdvi_skewness', 'ref_q3_3', 'tex_cont_q3_4', 'tex_homo_cv_4', 'tex_homo_kurtosis_4', 'tex_dis_cv_1', 'tex_mean_q3_1']",0.9104266174628771,0.06353432210189612,0.7931527066369777,0.10238774070909512,0.7892604188586413
232,linear,100,0.1,scale,7,"['rdvi_skewness', 'ref_q3_3', 'tex_cont_cv_2', 'tex_cont_q3_4', 'tex_homo_cv_4', 'tex_homo_kurtosis_4', 'tex_mean_q3_1']",0.7568727810129922,0.1046732489249118,0.7930297585283744,0.10241816534944588,0.78913515721036
233,linear,100,0.1,scale,6,"['rdvi_skewness', 'ref_q3_3', 'tex_cont_q3_4', 'tex_homo_cv_4', 'tex_homo_kurtosis_4', 'tex_mean_q3_1']",0.7581743570939692,0.10439268999138829,0.7914682517007047,0.10280379120169905,0.7881138536047374
175,linear,1,0.1,scale,6,"['rdvi_skewness', 'ref_q3_3', 'tex_cont_q3_4', 'tex_homo_cv_4', 'tex_homo_kurtosis_4', 'tex_mean_q3_1']",0.7582344081438085,0.10437972759463596,0.7912133450489425,0.10286660505864752,0.7878548465778799
204,linear,10,0.1,scale,6,"['rdvi_skewness', 'ref_q3_3', 'tex_cont_q3_4', 'tex_homo_cv_4', 'tex_homo_kurtosis_4', 'tex_mean_q3_1']",0.758276708279972,0.10437059587783346,0.7911882630713486,0.10287278366331064,0.7878293611368394
174,linear,1,0.1,scale,7,"['rdvi_skewness', 'ref_q3_3', 'tex_cont_cv_2', 'tex_cont_q3_4', 'tex_homo_cv_4', 'tex_homo_kurtosis_4', 'tex_mean_q3_1']",0.7568581455873918,0.10467639936298227,0.7913624803739194,0.1028298599298314,0.7874365055422459
203,linear,10,0.1,scale,7,"['rdvi_skewness', 'ref_q3_3', 'tex_cont_cv_2', 'tex_cont_q3_4', 'tex_homo_cv_4', 'tex_homo_kurtosis_4', 'tex_mean_q3_1']",0.7568201779734907,0.10468457187196042,0.7912306513259626,0.10286234167587506,0.7873021958401608
173,linear,1,0.1,scale,8,"['rdvi_skewness', 'ref_q3_3', 'tex_cont_cv_2', 'tex_cont_q3_4', 'tex_homo_cv_4', 'tex_homo_kurtosis_4', 'tex_dis_cv_1', 'tex_mean_q3_1']",0.7573480067145568,0.10457089973146906,0.7914174545130934,0.10281631165848508,0.786919717683187
202,linear,10,0.1,scale,8,"['rdvi_skewness', 'ref_q3_3', 'tex_cont_cv_2', 'tex_cont_q3_4', 'tex_homo_cv_4', 'tex_homo_kurtosis_4', 'tex_dis_cv_1', 'tex_mean_q3_1']",0.7573732067300256,0.1045654696159435,0.7913233798735118,0.1028394950870802,0.7868236144799486
231,linear,100,0.1,scale,8,"['rdvi_skewness', 'ref_q3_3', 'tex_cont_cv_2', 'tex_cont_q3_4', 'tex_homo_cv_4', 'tex_homo_kurtosis_4', 'tex_dis_cv_1', 'tex_mean_q3_1']",0.7574413128636818,0.10455079265140832,0.7909467440571644,0.10293225961387557,0.7864388571365641
50,rbf,10,0.01,scale,6,"['rdvi_skewness', 'tex_cont_q3_4', 'tex_homo_cv_4', 'tex_homo_kurtosis_4', 'tex_dis_cv_1', 'tex_mean_q3_1']",0.9293871221204278,0.05641061948331516,0.7893969129691871,0.10331310285594003,0.7860091957515333
16,rbf,1,0.01,scale,8,"['rdvi_skewness', 'ref_q3_3', 'tex_cont_cv_2', 'tex_cont_q3_4', 'tex_homo_cv_4', 'tex_homo_kurtosis_4', 'tex_dis_cv_1', 'tex_mean_q3_1']",0.9209171608069052,0.0596980354410698,0.7900794010232485,0.10314556690820993,0.7855528112879007
17,rbf,1,0.01,scale,7,"['rdvi_skewness', 'ref_q3_3', 'tex_cont_q3_4', 'tex_homo_cv_4', 'tex_homo_kurtosis_4', 'tex_dis_cv_1', 'tex_mean_q3_1']",0.9125813154299707,0.06276550778438843,0.7880543499689371,0.10364188245325744,0.7840661253715784
179,linear,1,0.1,scale,2,"['rdvi_skewness', 'tex_homo_kurtosis_4']",0.7195879327683532,0.11241318754057486,0.7795663214212873,0.10569684227412568,0.7783969119858565
237,linear,100,0.1,scale,2,"['rdvi_skewness', 'tex_homo_kurtosis_4']",0.719582160755774,0.11241434449326952,0.7791164539403791,0.10580464190135519,0.7779446579400628
208,linear,10,0.1,scale,2,"['rdvi_skewness', 'tex_homo_kurtosis_4']",0.7194364835996191,0.11244354034570292,0.7789236838027243,0.10585080090160545,0.7777508651491578
8,rbf,1,0.001,scale,8,"['rdvi_skewness', 'ref_q3_3', 'tex_cont_cv_2', 'tex_cont_q3_4', 'tex_homo_cv_4', 'tex_homo_kurtosis_4', 'tex_dis_cv_1', 'tex_mean_q3_1']",0.9192590873874176,0.06032061212913916,0.7808664313043884,0.10538468323664224,0.776141179149227
0,rbf,1,0.0001,scale,8,"['rdvi_skewness', 'ref_q3_3', 'tex_cont_cv_2', 'tex_cont_q3_4', 'tex_homo_cv_4', 'tex_homo_kurtosis_4', 'tex_dis_cv_1', 'tex_mean_q3_1']",0.9190249988289372,0.060407991283370745,0.7793746110580617,0.10574279436358451,0.7746171902722517
26,rbf,1,0.1,scale,6,"['rdvi_skewness', 'ref_q3_3', 'tex_cont_q3_4', 'tex_homo_cv_4', 'tex_homo_kurtosis_4', 'tex_mean_q3_1']",0.8514225524448373,0.08182676084247853,0.77509145617354,0.10676428983214957,0.7714736243693611
29,rbf,1,0.1,scale,3,"['rdvi_skewness', 'tex_cont_q3_4', 'tex_homo_cv_4']",0.7716803820913564,0.10143562923474916,0.7696137943243044,0.10805659415379829,0.7677756065130622
238,linear,100,0.1,scale,1,['rdvi_skewness'],0.693095341800696,0.11760361000520615,0.7659756163970101,0.10890644801206031,0.7653565042710763
209,linear,10,0.1,scale,1,['rdvi_skewness'],0.6930828495363803,0.11760600345279934,0.7659300488800951,0.10891705022963469,0.7653108162051747
180,linear,1,0.1,scale,1,['rdvi_skewness'],0.6930818607015475,0.1176061929059122,0.7659260458559136,0.10891798156601445,0.7653068025909822
171,linear,1,0.01,scale,3,"['rdvi_skewness', 'tex_homo_cv_4', 'tex_homo_kurtosis_4']",0.7245764002892074,0.11140879788468501,0.7670339152172402,0.10865992207203089,0.7651751432641862
200,linear,10,0.01,scale,3,"['rdvi_skewness', 'tex_homo_cv_4', 'tex_homo_kurtosis_4']",0.7244831539513357,0.11142765535241808,0.766878867673074,0.10869607465592256,0.7650188586385507
229,linear,100,0.01,scale,3,"['rdvi_skewness', 'tex_homo_cv_4', 'tex_homo_kurtosis_4']",0.7242066968542162,0.11148354529695383,0.7663818006049077,0.10881189527808303,0.764517825609734
24,rbf,1,0.1,scale,8,"['rdvi_skewness', 'ref_q3_3', 'tex_cont_cv_2', 'tex_cont_q3_4', 'tex_homo_cv_4', 'tex_homo_kurtosis_4', 'tex_dis_cv_1', 'tex_mean_q3_1']",0.8591490381425562,0.07967073461473438,0.7667408533780988,0.10872824546830873,0.7617110065506724
186,linear,10,0.0001,scale,3,"['rdvi_skewness', 'tex_homo_cv_4', 'tex_homo_kurtosis_4']",0.7198376318232209,0.11236312600343776,0.7606945869662305,0.11012839246562123,0.758785235266493
157,linear,1,0.0001,scale,3,"['rdvi_skewness', 'tex_homo_cv_4', 'tex_homo_kurtosis_4']",0.7198113968866039,0.11236838682861723,0.7606035565853948,0.1101493365725587,0.7586934785794273
215,linear,100,0.0001,scale,3,"['rdvi_skewness', 'tex_homo_cv_4', 'tex_homo_kurtosis_4']",0.7197211184734209,0.11238648824766893,0.7604231750386162,0.11019082667597115,0.7585116578181796
25,rbf,1,0.1,scale,7,"['rdvi_skewness', 'ref_q3_3', 'tex_cont_q3_4', 'tex_homo_cv_4', 'tex_homo_kurtosis_4', 'tex_dis_cv_1', 'tex_mean_q3_1']",0.851606822898229,0.08177600303030162,0.7619480690878915,0.10983958743419177,0.7574685972696529
222,linear,100,0.001,scale,3,"['rdvi_skewness', 'tex_homo_cv_4', 'tex_homo_kurtosis_4']",0.7193614490367028,0.11245857542220421,0.7591213502331384,0.11048980135528065,0.7571994461126581
164,linear,1,0.001,scale,3,"['rdvi_skewness', 'tex_homo_cv_4', 'tex_homo_kurtosis_4']",0.7191239717188662,0.11250614677938704,0.7587757740678494,0.11056902995657267,0.7568511126907311
193,linear,10,0.001,scale,3,"['rdvi_skewness', 'tex_homo_cv_4', 'tex_homo_kurtosis_4']",0.7191115928596923,0.11250862595571832,0.7585783236632548,0.11061427299528842,0.7566520868839723
170,linear,1,0.01,scale,4,"['rdvi_skewness', 'tex_homo_cv_4', 'tex_homo_kurtosis_4', 'tex_mean_q3_1']",0.7339119622885817,0.10950440468455032,0.7583561023138975,0.11066516983167655,0.7557785674052457
199,linear,10,0.01,scale,4,"['rdvi_skewness', 'tex_homo_cv_4', 'tex_homo_kurtosis_4', 'tex_mean_q3_1']",0.7338604631318595,0.10951500101144528,0.7582253520205198,0.1106951055072227,0.755646422442072
228,linear,100,0.01,scale,4,"['rdvi_skewness', 'tex_homo_cv_4', 'tex_homo_kurtosis_4', 'tex_mean_q3_1']",0.7337626409506081,0.10953512581546553,0.7581207043592717,0.11071905907471398,0.7555406585391039
227,linear,100,0.01,scale,5,"['rdvi_skewness', 'ref_q3_3', 'tex_homo_cv_4', 'tex_homo_kurtosis_4', 'tex_mean_q3_1']",0.7362298755217489,0.10902641082817478,0.7587550100753062,0.11057378861027213,0.7555298096752434
27,rbf,1,0.1,scale,5,"['rdvi_skewness', 'ref_q3_3', 'tex_cont_q3_4', 'tex_homo_cv_4', 'tex_homo_kurtosis_4']",0.8327873570577308,0.0868067444064676,0.7585847600367576,0.11061279848079614,0.7553572835666608
198,linear,10,0.01,scale,5,"['rdvi_skewness', 'ref_q3_3', 'tex_homo_cv_4', 'tex_homo_kurtosis_4', 'tex_mean_q3_1']",0.7362748862319515,0.10901710809618013,0.7585255858736918,0.1106263540018389,0.7552973183051582
169,linear,1,0.01,scale,5,"['rdvi_skewness', 'ref_q3_3', 'tex_homo_cv_4', 'tex_homo_kurtosis_4', 'tex_mean_q3_1']",0.7358751805715505,0.10909969078318583,0.7577688883171005,0.11079955084861652,0.7545305044710725
111,poly,1,0.1,scale,8,"['rdvi_skewness', 'ref_q3_3', 'tex_cont_cv_2', 'tex_cont_q3_4', 'tex_homo_cv_4', 'tex_homo_kurtosis_4', 'tex_dis_cv_1', 'tex_mean_q3_1']",0.7836530204020231,0.09874027474846926,0.7582868593460609,0.11068102422734985,0.7530747161513668
226,linear,100,0.01,scale,6,"['rdvi_skewness', 'ref_q3_3', 'tex_homo_cv_4', 'tex_homo_kurtosis_4', 'tex_dis_cv_1', 'tex_mean_q3_1']",0.7359516546500435,0.10908389540593436,0.7567318863055397,0.11103646642593183,0.7528187262997307
168,linear,1,0.01,scale,6,"['rdvi_skewness', 'ref_q3_3', 'tex_homo_cv_4', 'tex_homo_kurtosis_4', 'tex_dis_cv_1', 'tex_mean_q3_1']",0.7355076500301299,0.10917557068206546,0.7562148602700036,0.11115439859621318,0.752293383491505
156,linear,1,0.0001,scale,4,"['rdvi_skewness', 'tex_homo_cv_4', 'tex_homo_kurtosis_4', 'tex_mean_q3_1']",0.7313527333613565,0.11002975000208966,0.7544922772726581,0.11154641517095931,0.7518735282302331
197,linear,10,0.01,scale,6,"['rdvi_skewness', 'ref_q3_3', 'tex_homo_cv_4', 'tex_homo_kurtosis_4', 'tex_dis_cv_1', 'tex_mean_q3_1']",0.7353371177767611,0.10921076065269096,0.7557887835063717,0.11125149153423501,0.7518604529461524
214,linear,100,0.0001,scale,4,"['rdvi_skewness', 'tex_homo_cv_4', 'tex_homo_kurtosis_4', 'tex_mean_q3_1']",0.7310722511165175,0.11008717351625473,0.7540983093685072,0.11163587893822953,0.7514753580017712
192,linear,10,0.001,scale,4,"['rdvi_skewness', 'tex_homo_cv_4', 'tex_homo_kurtosis_4', 'tex_mean_q3_1']",0.7309113322795457,0.11012010513216061,0.7533617254527709,0.11180295324040733,0.7507309171909338
163,linear,1,0.001,scale,4,"['rdvi_skewness', 'tex_homo_cv_4', 'tex_homo_kurtosis_4', 'tex_mean_q3_1']",0.7304147743260899,0.11022166238388886,0.7529099660024461,0.11190529934516265,0.7502743389731389
221,linear,100,0.001,scale,4,"['rdvi_skewness', 'tex_homo_cv_4', 'tex_homo_kurtosis_4', 'tex_mean_q3_1']",0.7304504764253698,0.1102143636251787,0.7526660079200765,0.11196052914657856,0.750027778671224
185,linear,10,0.0001,scale,4,"['rdvi_skewness', 'tex_homo_cv_4', 'tex_homo_kurtosis_4', 'tex_mean_q3_1']",0.7303591203222881,0.11023303904638945,0.7526481113401662,0.1119645796903292,0.7500096911944613
28,rbf,1,0.1,scale,4,"['rdvi_skewness', 'tex_cont_q3_4', 'tex_homo_cv_4', 'tex_homo_kurtosis_4']",0.813264932716001,0.09173432176205261,0.7521669599109517,0.1120734241087588,0.7495234074833352
225,linear,100,0.01,scale,7,"['rdvi_skewness', 'ref_q3_3', 'tex_cont_q3_4', 'tex_homo_cv_4', 'tex_homo_kurtosis_4', 'tex_dis_cv_1', 'tex_mean_q3_1']",0.7366835234688883,0.10893261534664841,0.7525916403199501,0.11197735984988998,0.7479361066700567
167,linear,1,0.01,scale,7,"['rdvi_skewness', 'ref_q3_3', 'tex_cont_q3_4', 'tex_homo_cv_4', 'tex_homo_kurtosis_4', 'tex_dis_cv_1', 'tex_mean_q3_1']",0.7369680829435707,0.10887373907089698,0.7525589800953272,0.11198475063701153,0.7479028318713146
224,linear,100,0.01,scale,8,"['rdvi_skewness', 'ref_q3_3', 'tex_cont_cv_2', 'tex_cont_q3_4', 'tex_homo_cv_4', 'tex_homo_kurtosis_4', 'tex_dis_cv_1', 'tex_mean_q3_1']",0.7377620809759976,0.10870928969312195,0.7529614565140867,0.11189363889645447,0.7476344798351453
196,linear,10,0.01,scale,7,"['rdvi_skewness', 'ref_q3_3', 'tex_cont_q3_4', 'tex_homo_cv_4', 'tex_homo_kurtosis_4', 'tex_dis_cv_1', 'tex_mean_q3_1']",0.7365094440962168,0.10896861724921869,0.7520933375642096,0.11209006937889898,0.7474284272495576
184,linear,10,0.0001,scale,5,"['rdvi_skewness', 'ref_q3_3', 'tex_homo_cv_4', 'tex_homo_kurtosis_4', 'tex_mean_q3_1']",0.7331480725561088,0.10966147552041673,0.7507320374203259,0.112397401434588,0.7473995780275495
162,linear,1,0.001,scale,5,"['rdvi_skewness', 'ref_q3_3', 'tex_homo_cv_4', 'tex_homo_kurtosis_4', 'tex_mean_q3_1']",0.7329798092947628,0.10969604354824691,0.7503840940540929,0.11247581963967287,0.7470469830120353
213,linear,100,0.0001,scale,5,"['rdvi_skewness', 'ref_q3_3', 'tex_homo_cv_4', 'tex_homo_kurtosis_4', 'tex_mean_q3_1']",0.7328702315317852,0.10971854936341731,0.7503092689976835,0.11249267629573106,0.7469711576206471
195,linear,10,0.01,scale,8,"['rdvi_skewness', 'ref_q3_3', 'tex_cont_cv_2', 'tex_cont_q3_4', 'tex_homo_cv_4', 'tex_homo_kurtosis_4', 'tex_dis_cv_1', 'tex_mean_q3_1']",0.7370632775362015,0.1088540358933171,0.7522689655699732,0.11205035757158392,0.7469270564717516
155,linear,1,0.0001,scale,5,"['rdvi_skewness', 'ref_q3_3', 'tex_homo_cv_4', 'tex_homo_kurtosis_4', 'tex_mean_q3_1']",0.7327518005226048,0.10974286832775672,0.7500370411948831,0.11255398271986797,0.7466952904087185
166,linear,1,0.01,scale,8,"['rdvi_skewness', 'ref_q3_3', 'tex_cont_cv_2', 'tex_cont_q3_4', 'tex_homo_cv_4', 'tex_homo_kurtosis_4', 'tex_dis_cv_1', 'tex_mean_q3_1']",0.7373708485639071,0.10879035109485873,0.7519306756589635,0.11212683683448767,0.7465814718995881
220,linear,100,0.001,scale,5,"['rdvi_skewness', 'ref_q3_3', 'tex_homo_cv_4', 'tex_homo_kurtosis_4', 'tex_mean_q3_1']",0.7325626768060756,0.10978169236574352,0.7495167730911152,0.1126710556826127,0.7461680668490178
191,linear,10,0.001,scale,5,"['rdvi_skewness', 'ref_q3_3', 'tex_homo_cv_4', 'tex_homo_kurtosis_4', 'tex_mean_q3_1']",0.7324969367752703,0.10979518451465507,0.749370277962263,0.11270399870315041,0.7460196132291381
154,linear,1,0.0001,scale,6,"['rdvi_skewness', 'ref_q3_3', 'tex_homo_cv_4', 'tex_homo_kurtosis_4', 'tex_dis_cv_1', 'tex_mean_q3_1']",0.7325264833981144,0.10978912072149208,0.7484950461605584,0.11290061575894136,0.7444493900666264
183,linear,10,0.0001,scale,6,"['rdvi_skewness', 'ref_q3_3', 'tex_homo_cv_4', 'tex_homo_kurtosis_4', 'tex_dis_cv_1', 'tex_mean_q3_1']",0.7324845583649703,0.10979772481102452,0.7483957518033365,0.11292290018644636,0.7443484984811382
182,linear,10,0.0001,scale,7,"['rdvi_skewness', 'ref_q3_3', 'tex_cont_q3_4', 'tex_homo_cv_4', 'tex_homo_kurtosis_4', 'tex_dis_cv_1', 'tex_mean_q3_1']",0.7354726949675952,0.10918278471457259,0.7485185139029769,0.1128953482993184,0.7437863354011511
190,linear,10,0.001,scale,6,"['rdvi_skewness', 'ref_q3_3', 'tex_homo_cv_4', 'tex_homo_kurtosis_4', 'tex_dis_cv_1', 'tex_mean_q3_1']",0.7321393919047346,0.10986853619085786,0.7477891459436592,0.11305894410414102,0.7437321348864526
212,linear,100,0.0001,scale,6,"['rdvi_skewness', 'ref_q3_3', 'tex_homo_cv_4', 'tex_homo_kurtosis_4', 'tex_dis_cv_1', 'tex_mean_q3_1']",0.7320113761084827,0.1098947872103184,0.7477603827379145,0.11306539078339235,0.7437029090017951
161,linear,1,0.001,scale,6,"['rdvi_skewness', 'ref_q3_3', 'tex_homo_cv_4', 'tex_homo_kurtosis_4', 'tex_dis_cv_1', 'tex_mean_q3_1']",0.7320333289261091,0.10989028599382104,0.7475095103954452,0.11312160306765695,0.7434480011792861
211,linear,100,0.0001,scale,7,"['rdvi_skewness', 'ref_q3_3', 'tex_cont_q3_4', 'tex_homo_cv_4', 'tex_homo_kurtosis_4', 'tex_dis_cv_1', 'tex_mean_q3_1']",0.734958787013767,0.10928879017244314,0.7479908072653756,0.11301373555135086,0.7432486987999392
219,linear,100,0.001,scale,6,"['rdvi_skewness', 'ref_q3_3', 'tex_homo_cv_4', 'tex_homo_kurtosis_4', 'tex_dis_cv_1', 'tex_mean_q3_1']",0.7314038956408024,0.11001927224638214,0.746840515141951,0.11327136663542459,0.7427682446080415
153,linear,1,0.0001,scale,7,"['rdvi_skewness', 'ref_q3_3', 'tex_cont_q3_4', 'tex_homo_cv_4', 'tex_homo_kurtosis_4', 'tex_dis_cv_1', 'tex_mean_q3_1']",0.734379307586674,0.10940819806845306,0.7470478586693479,0.11322497118710151,0.7422880065475346
218,linear,100,0.001,scale,7,"['rdvi_skewness', 'ref_q3_3', 'tex_cont_q3_4', 'tex_homo_cv_4', 'tex_homo_kurtosis_4', 'tex_dis_cv_1', 'tex_mean_q3_1']",0.7338244781612504,0.10952240457300373,0.7467850971422619,0.11328376381870563,0.742020300583111
189,linear,10,0.001,scale,7,"['rdvi_skewness', 'ref_q3_3', 'tex_cont_q3_4', 'tex_homo_cv_4', 'tex_homo_kurtosis_4', 'tex_dis_cv_1', 'tex_mean_q3_1']",0.7339176116805738,0.1095032422185562,0.7465169860703167,0.11334372197166766,0.7417471444103496
188,linear,10,0.001,scale,8,"['rdvi_skewness', 'ref_q3_3', 'tex_cont_cv_2', 'tex_cont_q3_4', 'tex_homo_cv_4', 'tex_homo_kurtosis_4', 'tex_dis_cv_1', 'tex_mean_q3_1']",0.7344139381453685,0.10940106573532644,0.7467349460927724,0.11329498159914374,0.741273705038169
160,linear,1,0.001,scale,7,"['rdvi_skewness', 'ref_q3_3', 'tex_cont_q3_4', 'tex_homo_cv_4', 'tex_homo_kurtosis_4', 'tex_dis_cv_1', 'tex_mean_q3_1']",0.7336543627427538,0.10955739741085899,0.7460466932185765,0.11344881785154215,0.7412680019619369
159,linear,1,0.001,scale,8,"['rdvi_skewness', 'ref_q3_3', 'tex_cont_cv_2', 'tex_cont_q3_4', 'tex_homo_cv_4', 'tex_homo_kurtosis_4', 'tex_dis_cv_1', 'tex_mean_q3_1']",0.7343357788504044,0.10941716236536446,0.7464242388264963,0.11336445581934954,0.7409562978847497
210,linear,100,0.0001,scale,8,"['rdvi_skewness', 'ref_q3_3', 'tex_cont_cv_2', 'tex_cont_q3_4', 'tex_homo_cv_4', 'tex_homo_kurtosis_4', 'tex_dis_cv_1', 'tex_mean_q3_1']",0.7343336211043104,0.10941760671194278,0.7462709138390042,0.11339872363940964,0.7407996666980663
217,linear,100,0.001,scale,8,"['rdvi_skewness', 'ref_q3_3', 'tex_cont_cv_2', 'tex_cont_q3_4', 'tex_homo_cv_4', 'tex_homo_kurtosis_4', 'tex_dis_cv_1', 'tex_mean_q3_1']",0.7341437123112682,0.10945670773323872,0.7459256473334848,0.1134758521058816,0.7404469550926973
181,linear,10,0.0001,scale,8,"['rdvi_skewness', 'ref_q3_3', 'tex_cont_cv_2', 'tex_cont_q3_4', 'tex_homo_cv_4', 'tex_homo_kurtosis_4', 'tex_dis_cv_1', 'tex_mean_q3_1']",0.7339627050332528,0.10949396299196659,0.7456891621004165,0.11352864988250894,0.7402053704475953
152,linear,1,0.0001,scale,8,"['rdvi_skewness', 'ref_q3_3', 'tex_cont_cv_2', 'tex_cont_q3_4', 'tex_homo_cv_4', 'tex_homo_kurtosis_4', 'tex_dis_cv_1', 'tex_mean_q3_1']",0.7338702468686743,0.10951298801516675,0.7452230953989121,0.11363263228360967,0.7397292537902633
94,rbf,100,0.1,scale,2,"['rdvi_skewness', 'tex_mean_q3_1']",0.7507174619448712,0.10598998775744067,0.7344739529897948,0.11600497203820494,0.7330653267457088
165,linear,1,0.001,scale,2,"['rdvi_skewness', 'tex_homo_kurtosis_4']",0.6948867025946686,0.11725988956177995,0.7303889810923809,0.11689390244276403,0.7289586839098472
223,linear,100,0.001,scale,2,"['rdvi_skewness', 'tex_homo_kurtosis_4']",0.6947142713497292,0.11729301891577085,0.7298313615816021,0.11701472215673889,0.7283981062053773
194,linear,10,0.001,scale,2,"['rdvi_skewness', 'tex_homo_kurtosis_4']",0.6941614974758673,0.11739916078124892,0.7295113195112393,0.11708400952851858,0.7280763662990973
136,poly,10,0.1,scale,4,"['rdvi_skewness', 'ref_q3_3', 'tex_cont_cv_2', 'tex_dis_cv_1']",0.668414900453985,0.12224086554061726,0.7303161910029281,0.11690968099556093,0.7274395637069593
61,rbf,10,0.1,scale,3,"['rdvi_skewness', 'tex_cont_q3_4', 'tex_homo_cv_4']",0.7868811304634155,0.09800085508000043,0.7290798958878981,0.11717734556363738,0.7269182993125356
158,linear,1,0.0001,scale,2,"['rdvi_skewness', 'tex_homo_kurtosis_4']",0.6935525175745638,0.11751598416172636,0.7278566230942886,0.11744159029302072,0.726412891651818
187,linear,10,0.0001,scale,2,"['rdvi_skewness', 'tex_homo_kurtosis_4']",0.6933646200139507,0.11755200596699007,0.7272702327136537,0.11756804856404517,0.7258233904468826
139,poly,100,0.0001,scale,6,"['rdvi_skewness', 'ref_q3_3', 'tex_cont_cv_2', 'tex_cont_q3_4', 'tex_homo_cv_4', 'tex_dis_cv_1']",0.688711635035552,0.11844053413818605,0.7300749014910113,0.11696196958684996,0.7257329428018586
216,linear,100,0.0001,scale,2,"['rdvi_skewness', 'tex_homo_kurtosis_4']",0.6929944093530314,0.11762294670167699,0.7269532689031925,0.11763634693154588,0.7255047451307957
36,rbf,10,0.0001,scale,4,"['rdvi_skewness', 'tex_cont_q3_4', 'tex_homo_kurtosis_4', 'tex_dis_cv_1']",0.8988259942926218,0.06752325749912601,0.7276078160066846,0.1174952635162364,0.7247022993774226
147,poly,100,0.01,scale,5,"['rdvi_skewness', 'ref_q3_3', 'tex_cont_cv_2', 'tex_homo_cv_4', 'tex_dis_cv_1']",0.6923917512185467,0.11773833820271834,0.7277774537110202,0.11745867155046691,0.7241381148568895
143,poly,100,0.001,scale,5,"['rdvi_skewness', 'ref_q3_3', 'tex_cont_cv_2', 'tex_homo_cv_4', 'tex_dis_cv_1']",0.6912591539092592,0.11795489221907499,0.7276168730164434,0.11749331014779058,0.7239753873615831
44,rbf,10,0.001,scale,4,"['rdvi_skewness', 'tex_cont_q3_4', 'tex_homo_kurtosis_4', 'tex_dis_cv_1']",0.8989521510665516,0.06748114602284157,0.7261276930805011,0.11781405355291151,0.7232063884733597
172,linear,1,0.01,scale,2,"['rdvi_skewness', 'tex_homo_kurtosis_4']",0.6914898581095483,0.11791081354444849,0.7245192167898773,0.11815951324696772,0.7230577802741738
58,rbf,10,0.1,scale,6,"['rdvi_skewness', 'ref_q3_3', 'tex_cont_q3_4', 'tex_homo_cv_4', 'tex_homo_kurtosis_4', 'tex_mean_q3_1']",0.8795169832699242,0.07368546519546226,0.7272018062794008,0.11758279623514045,0.7228136315814823
201,linear,10,0.01,scale,2,"['rdvi_skewness', 'tex_homo_kurtosis_4']",0.691289857423572,0.11794902691195355,0.7242654430886111,0.11821392516292752,0.7228026602933252
230,linear,100,0.01,scale,2,"['rdvi_skewness', 'tex_homo_kurtosis_4']",0.6911954045341681,0.11796706936155636,0.7240488786696035,0.11826033919510524,0.7225849469914583
104,poly,1,0.001,scale,5,"['rdvi_skewness', 'tex_cont_q3_4', 'tex_homo_cv_4', 'tex_dis_cv_1', 'tex_mean_q3_1']",0.7094516287159944,0.11442690088315009,0.7245404639678825,0.11815495647790401,0.720857849849806
125,poly,10,0.001,scale,5,"['rdvi_skewness', 'tex_cont_q3_4', 'tex_homo_cv_4', 'tex_dis_cv_1', 'tex_mean_q3_1']",0.7050335776962643,0.11529360088364173,0.7238109411294409,0.11831131291664146,0.7201185740322409
99,poly,1,0.0001,scale,5,"['rdvi_skewness', 'tex_cont_q3_4', 'tex_homo_cv_4', 'tex_dis_cv_1', 'tex_mean_q3_1']",0.7075836910046752,0.11479413729981335,0.7232620630701856,0.11842881621782358,0.7195623580310169
120,poly,10,0.0001,scale,5,"['rdvi_skewness', 'tex_cont_q3_4', 'tex_homo_cv_4', 'tex_dis_cv_1', 'tex_mean_q3_1']",0.7038619446450564,0.11552235220868283,0.7219348654410276,0.11871246081813888,0.7182174171180467
130,poly,10,0.01,scale,5,"['rdvi_skewness', 'tex_cont_q3_4', 'tex_homo_cv_4', 'tex_dis_cv_1', 'tex_mean_q3_1']",0.7171457066969766,0.11290165303637786,0.7212846600774483,0.11885117365836072,0.7175585191693927
108,poly,1,0.01,scale,6,"['rdvi_skewness', 'ref_q3_3', 'tex_cont_q3_4', 'tex_homo_cv_4', 'tex_dis_cv_1', 'tex_mean_q3_1']",0.7397462096577418,0.10829725400716622,0.7204533905435127,0.11902827873542482,0.7159566622412635
109,poly,1,0.01,scale,5,"['rdvi_skewness', 'tex_cont_q3_4', 'tex_homo_cv_4', 'tex_dis_cv_1', 'tex_mean_q3_1']",0.7188228605087883,0.1125664363450445,0.7196890117021721,0.11919090025347517,0.7159415385965862
52,rbf,10,0.01,scale,4,"['rdvi_skewness', 'tex_cont_q3_4', 'tex_homo_kurtosis_4', 'tex_dis_cv_1']",0.9012944022118516,0.06669446676609952,0.7177924079661169,0.1195934474660543,0.7147821936510887
32,rbf,10,0.0001,scale,8,"['rdvi_skewness', 'ref_q3_3', 'tex_cont_cv_2', 'tex_cont_q3_4', 'tex_homo_cv_4', 'tex_homo_kurtosis_4', 'tex_dis_cv_1', 'tex_mean_q3_1']",0.9540762063358554,0.0454922892272896,0.7193168209513499,0.11927000352918916,0.7132643534786027
116,poly,1,0.1,scale,3,"['rdvi_skewness', 'tex_homo_cv_4', 'tex_dis_cv_1']",0.663857631052857,0.12307803143165544,0.7153944172558667,0.12010048083339496,0.7131236280318444
40,rbf,10,0.001,scale,8,"['rdvi_skewness', 'ref_q3_3', 'tex_cont_cv_2', 'tex_cont_q3_4', 'tex_homo_cv_4', 'tex_homo_kurtosis_4', 'tex_dis_cv_1', 'tex_mean_q3_1']",0.9543552532631827,0.04535386614409713,0.7188498859410757,0.11936916906914324,0.7127873497888617
41,rbf,10,0.001,scale,7,"['rdvi_skewness', 'ref_q3_3', 'tex_cont_q3_4', 'tex_homo_cv_4', 'tex_homo_kurtosis_4', 'tex_dis_cv_1', 'tex_mean_q3_1']",0.9414369628429433,0.051372500964675036,0.7160511894812979,0.1199618254034352,0.7107080667027201
33,rbf,10,0.0001,scale,7,"['rdvi_skewness', 'ref_q3_3', 'tex_cont_q3_4', 'tex_homo_cv_4', 'tex_homo_kurtosis_4', 'tex_dis_cv_1', 'tex_mean_q3_1']",0.9410667439786145,0.05153462631059963,0.7145280530663851,0.12028314009491352,0.7091562691187095
98,poly,1,0.0001,scale,6,"['rdvi_skewness', 'ref_q3_3', 'tex_cont_q3_4', 'tex_homo_cv_4', 'tex_dis_cv_1', 'tex_mean_q3_1']",0.7323580717674539,0.10982367901259542,0.7132491120110822,0.1205522788558421,0.7086364971908852
49,rbf,10,0.01,scale,7,"['rdvi_skewness', 'ref_q3_3', 'tex_cont_q3_4', 'tex_homo_cv_4', 'tex_homo_kurtosis_4', 'tex_dis_cv_1', 'tex_mean_q3_1']",0.9449328028359991,0.04981560386105208,0.7139773367622604,0.12039910590228609,0.7085951898733782
48,rbf,10,0.01,scale,8,"['rdvi_skewness', 'ref_q3_3', 'tex_cont_cv_2', 'tex_cont_q3_4', 'tex_homo_cv_4', 'tex_homo_kurtosis_4', 'tex_dis_cv_1', 'tex_mean_q3_1']",0.955712214918908,0.04467462272180402,0.7144863511048491,0.12029192530088921,0.7083297225572448
135,poly,10,0.1,scale,5,"['rdvi_skewness', 'ref_q3_3', 'tex_cont_cv_2', 'tex_dis_cv_1', 'tex_mean_q3_1']",0.7135683685945391,0.11361335935914069,0.7108949736567713,0.12104611629898034,0.7070299331976373
103,poly,1,0.001,scale,6,"['rdvi_skewness', 'ref_q3_3', 'tex_cont_q3_4', 'tex_homo_cv_4', 'tex_dis_cv_1', 'tex_mean_q3_1']",0.7332329185907862,0.10964404060595986,0.7110442055355686,0.12101487112958029,0.706396123050886
57,rbf,10,0.1,scale,7,"['rdvi_skewness', 'ref_q3_3', 'tex_cont_cv_2', 'tex_cont_q3_4', 'tex_homo_cv_4', 'tex_homo_kurtosis_4', 'tex_mean_q3_1']",0.8873278778638047,0.07125693700836644,0.7105309163118332,0.12112230636709935,0.7050839174252279
92,rbf,100,0.1,scale,4,"['rdvi_skewness', 'ref_q3_3', 'tex_dis_cv_1', 'tex_mean_q3_1']",0.8484466289157069,0.08264217026087345,0.7069547744399989,0.12186819077312076,0.7038289587006923
129,poly,10,0.01,scale,6,"['rdvi_skewness', 'ref_q3_3', 'tex_cont_q3_4', 'tex_homo_cv_4', 'tex_dis_cv_1', 'tex_mean_q3_1']",0.7379139548490898,0.10867780589387242,0.7074458092947196,0.1217660450747897,0.7027398437605863
102,poly,1,0.001,scale,7,"['rdvi_skewness', 'ref_q3_3', 'tex_cont_cv_2', 'tex_cont_q3_4', 'tex_homo_cv_4', 'tex_dis_cv_1', 'tex_mean_q3_1']",0.7420734973043415,0.10781194916063104,0.7066031012545629,0.12194129369512888,0.7010821918695682
97,poly,1,0.0001,scale,7,"['rdvi_skewness', 'ref_q3_3', 'tex_cont_cv_2', 'tex_cont_q3_4', 'tex_homo_cv_4', 'tex_dis_cv_1', 'tex_mean_q3_1']",0.7415777096381335,0.1079155177594648,0.705757252426934,0.1221169425653464,0.7002204265317419
59,rbf,10,0.1,scale,5,"['rdvi_skewness', 'tex_cont_q3_4', 'tex_homo_cv_4', 'tex_homo_kurtosis_4', 'tex_mean_q3_1']",0.8486761590387333,0.08257956507109013,0.6977350172460097,0.12377044642048696,0.6936940415407424
107,poly,1,0.01,scale,7,"['rdvi_skewness', 'ref_q3_3', 'tex_cont_cv_2', 'tex_cont_q3_4', 'tex_homo_cv_4', 'tex_dis_cv_1', 'tex_mean_q3_1']",0.7459194404066938,0.10700513807359671,0.6986638106139555,0.12358014052703498,0.6929935059749708
60,rbf,10,0.1,scale,4,"['rdvi_skewness', 'tex_cont_q3_4', 'tex_homo_cv_4', 'tex_homo_kurtosis_4']",0.8417746779520806,0.08444168818228635,0.6881879194556704,0.1257099076252892,0.6848619239298641
124,poly,10,0.001,scale,6,"['rdvi_skewness', 'ref_q3_3', 'tex_cont_q3_4', 'tex_homo_cv_4', 'tex_dis_cv_1', 'tex_mean_q3_1']",0.7293713287437729,0.11043476611148899,0.6853828135922906,0.12627409370367265,0.6803219473229977
106,poly,1,0.01,scale,8,"['rdvi_skewness', 'ref_q3_3', 'tex_cont_cv_2', 'tex_cont_q3_4', 'tex_homo_cv_4', 'tex_homo_kurtosis_4', 'tex_dis_cv_1', 'tex_mean_q3_1']",0.7755930333328576,0.10056273603585585,0.6846326634809017,0.1264245434140041,0.6778322896476058
119,poly,10,0.0001,scale,6,"['rdvi_skewness', 'ref_q3_3', 'tex_cont_q3_4', 'tex_homo_cv_4', 'tex_dis_cv_1', 'tex_mean_q3_1']",0.7278263376483884,0.11074954781601858,0.682341350624547,0.12688298327787728,0.6772315600179715
56,rbf,10,0.1,scale,8,"['rdvi_skewness', 'ref_q3_3', 'tex_cont_cv_2', 'tex_cont_q3_4', 'tex_homo_cv_4', 'tex_homo_kurtosis_4', 'tex_dis_cv_1', 'tex_mean_q3_1']",0.8891554579173697,0.07067666850161577,0.676416627665889,0.1280607783569718,0.6694390886398165
115,poly,1,0.1,scale,4,"['rdvi_skewness', 'tex_homo_cv_4', 'tex_dis_cv_1', 'tex_mean_q3_1']",0.7116228591034582,0.11399855041771596,0.6727409202444232,0.12878607016336358,0.6692501567270304
126,poly,10,0.001,scale,4,"['rdvi_skewness', 'tex_cont_q3_4', 'tex_homo_cv_4', 'tex_dis_cv_1']",0.6291938249183329,0.12926840554548719,0.6723257584060408,0.12886773346712305,0.6688305664957053
121,poly,10,0.0001,scale,4,"['rdvi_skewness', 'tex_cont_q3_4', 'tex_homo_cv_4', 'tex_dis_cv_1']",0.6288125347492997,0.12933485010795395,0.6683820394126534,0.1296409069945519,0.6648447811663883
110,poly,1,0.01,scale,4,"['rdvi_skewness', 'tex_cont_q3_4', 'tex_homo_cv_4', 'tex_dis_cv_1']",0.6433577767599887,0.12677548840138594,0.6681222072535518,0.129691685729561,0.6645821774642563
114,poly,1,0.1,scale,5,"['rdvi_skewness', 'tex_cont_q3_4', 'tex_homo_cv_4', 'tex_dis_cv_1', 'tex_mean_q3_1']",0.7358483810025487,0.10910522557263586,0.6683093206461714,0.129655120353299,0.6638749532751309
131,poly,10,0.01,scale,4,"['rdvi_skewness', 'tex_cont_q3_4', 'tex_homo_cv_4', 'tex_dis_cv_1']",0.6378826212300813,0.127744907778055,0.6665945623784747,0.1299898306718171,0.6630382377105117
101,poly,1,0.001,scale,8,"['rdvi_skewness', 'ref_q3_3', 'tex_cont_cv_2', 'tex_cont_q3_4', 'tex_homo_cv_4', 'tex_homo_kurtosis_4', 'tex_dis_cv_1', 'tex_mean_q3_1']",0.7684247985055948,0.10215624909520085,0.6693073216260297,0.12945991828021314,0.6621764822001759
113,poly,1,0.1,scale,6,"['rdvi_skewness', 'ref_q3_3', 'tex_cont_q3_4', 'tex_homo_cv_4', 'tex_dis_cv_1', 'tex_mean_q3_1']",0.75849515165016,0.10432342578985641,0.6650656144317485,0.1302875467952005,0.6596779299453959
105,poly,1,0.001,scale,4,"['rdvi_skewness', 'tex_cont_q3_4', 'tex_homo_cv_4', 'tex_dis_cv_1']",0.6381883312650862,0.12769097340704919,0.6632381265912963,0.13064250439085065,0.6596459999416036
100,poly,1,0.0001,scale,4,"['rdvi_skewness', 'tex_cont_q3_4', 'tex_homo_cv_4', 'tex_dis_cv_1']",0.6366512075108439,0.12796192763681377,0.6602012640206365,0.1312302385318063,0.65657674417019
96,poly,1,0.0001,scale,8,"['rdvi_skewness', 'ref_q3_3', 'tex_cont_cv_2', 'tex_cont_q3_4', 'tex_homo_cv_4', 'tex_homo_kurtosis_4', 'tex_dis_cv_1', 'tex_mean_q3_1']",0.7683649414248415,0.1021694508105174,0.6619193586733796,0.13089805410766742,0.6546292100733446
151,poly,100,0.1,scale,5,"['rdvi_skewness', 'tex_cont_cv_2', 'tex_cont_q3_4', 'tex_homo_cv_4', 'tex_dis_cv_1']",0.6897342893024243,0.11824582181538502,0.6491965819442481,0.13333831015792985,0.644506696676123
80,rbf,100,0.01,scale,8,"['rdvi_skewness', 'ref_q3_3', 'tex_cont_cv_2', 'tex_cont_q3_4', 'tex_homo_cv_4', 'tex_homo_kurtosis_4', 'tex_dis_cv_1', 'tex_mean_q3_1']",0.9816860158248655,0.02872832666281477,0.6384965594213636,0.1353565437041389,0.6307013369830103
150,poly,100,0.1,scale,6,"['rdvi_skewness', 'ref_q3_3', 'tex_cont_cv_2', 'tex_cont_q3_4', 'tex_homo_cv_4', 'tex_dis_cv_1']",0.7296894652452737,0.11036983644003547,0.6282869014028556,0.1372546198720719,0.6223076022297112
134,poly,10,0.1,scale,6,"['rdvi_skewness', 'ref_q3_3', 'tex_cont_cv_2', 'tex_homo_cv_4', 'tex_dis_cv_1', 'tex_mean_q3_1']",0.7581543821375549,0.10439700135462654,0.6280608661373244,0.137296345156423,0.622077931008166
72,rbf,100,0.001,scale,8,"['rdvi_skewness', 'ref_q3_3', 'tex_cont_cv_2', 'tex_cont_q3_4', 'tex_homo_cv_4', 'tex_homo_kurtosis_4', 'tex_dis_cv_1', 'tex_mean_q3_1']",0.9806337450062806,0.029542125315055213,0.6299296577852669,0.13695099111395556,0.6219497043143293
64,rbf,100,0.0001,scale,8,"['rdvi_skewness', 'ref_q3_3', 'tex_cont_cv_2', 'tex_cont_q3_4', 'tex_homo_cv_4', 'tex_homo_kurtosis_4', 'tex_dis_cv_1', 'tex_mean_q3_1']",0.9804521694499458,0.029680293822468295,0.6291471570967629,0.13709570367759236,0.621150330295615
73,rbf,100,0.001,scale,7,"['rdvi_skewness', 'tex_cont_cv_2', 'tex_cont_q3_4', 'tex_homo_cv_4', 'tex_homo_kurtosis_4', 'tex_dis_cv_1', 'tex_mean_q3_1']",0.97290801113763,0.03494132400174714,0.6234902337123467,0.13813736314387598,0.6164053725187618
142,poly,100,0.001,scale,6,"['rdvi_skewness', 'ref_q3_3', 'tex_cont_cv_2', 'tex_homo_cv_4', 'tex_dis_cv_1', 'tex_mean_q3_1']",0.7448008366190989,0.1072404274237091,0.6209926967648595,0.138594765519003,0.6148960645412378
65,rbf,100,0.0001,scale,7,"['rdvi_skewness', 'tex_cont_cv_2', 'tex_cont_q3_4', 'tex_homo_cv_4', 'tex_homo_kurtosis_4', 'tex_dis_cv_1', 'tex_mean_q3_1']",0.9726486323930653,0.03510818970586864,0.6212679519038007,0.13854442895547117,0.6141412735794098
91,rbf,100,0.1,scale,5,"['rdvi_skewness', 'ref_q3_3', 'tex_cont_q3_4', 'tex_dis_cv_1', 'tex_mean_q3_1']",0.8641120380700402,0.07825451526992447,0.6120226487495293,0.14022525085344822,0.6068357857648974
145,poly,100,0.01,scale,7,"['rdvi_skewness', 'ref_q3_3', 'tex_cont_cv_2', 'tex_cont_q3_4', 'tex_homo_cv_4', 'tex_dis_cv_1', 'tex_mean_q3_1']",0.7696748870696957,0.10188014619646746,0.6129478601156885,0.14005795315610306,0.605664620924317
112,poly,1,0.1,scale,7,"['rdvi_skewness', 'ref_q3_3', 'tex_cont_cv_2', 'tex_cont_q3_4', 'tex_homo_cv_4', 'tex_dis_cv_1', 'tex_mean_q3_1']",0.7675785009540876,0.10234274518653234,0.6107627277428773,0.14045275065326737,0.6034383704692218
128,poly,10,0.01,scale,7,"['rdvi_skewness', 'ref_q3_3', 'tex_cont_cv_2', 'tex_cont_q3_4', 'tex_homo_cv_4', 'tex_dis_cv_1', 'tex_mean_q3_1']",0.7610962240010741,0.10376010919985078,0.6070989604149442,0.14111222109959545,0.5997056612829673
146,poly,100,0.01,scale,6,"['rdvi_skewness', 'ref_q3_3', 'tex_cont_cv_2', 'tex_homo_cv_4', 'tex_dis_cv_1', 'tex_mean_q3_1']",0.7451303770705524,0.1071711649024555,0.6058937496854657,0.14132848387887464,0.5995542389565456
118,poly,10,0.0001,scale,7,"['rdvi_skewness', 'ref_q3_3', 'tex_cont_cv_2', 'tex_cont_q3_4', 'tex_homo_cv_4', 'tex_dis_cv_1', 'tex_mean_q3_1']",0.7584797456392554,0.10432675322244317,0.6061730238783356,0.1412784004394738,0.5987623012093796
123,poly,10,0.001,scale,7,"['rdvi_skewness', 'ref_q3_3', 'tex_cont_cv_2', 'tex_cont_q3_4', 'tex_homo_cv_4', 'tex_dis_cv_1', 'tex_mean_q3_1']",0.7583343315839313,0.1043581549231499,0.6003985467228616,0.14231037669569202,0.5928791645375391
90,rbf,100,0.1,scale,6,"['rdvi_skewness', 'ref_q3_3', 'tex_cont_q3_4', 'tex_homo_cv_4', 'tex_dis_cv_1', 'tex_mean_q3_1']",0.8726739797721054,0.07574910318726777,0.5972586897332406,0.14286838256892107,0.590780277235652
141,poly,100,0.001,scale,7,"['rdvi_skewness', 'ref_q3_3', 'tex_cont_cv_2', 'tex_cont_q3_4', 'tex_homo_cv_4', 'tex_dis_cv_1', 'tex_mean_q3_1']",0.764323967208725,0.10305679275223878,0.5944236355962431,0.14337035403106285,0.5867918222875703
138,poly,100,0.0001,scale,7,"['rdvi_skewness', 'ref_q3_3', 'tex_cont_cv_2', 'tex_cont_q3_4', 'tex_homo_cv_4', 'tex_dis_cv_1', 'tex_mean_q3_1']",0.7641272971844982,0.10309978387661443,0.5931102686698173,0.1436023025666178,0.5854537414673676
122,poly,10,0.001,scale,8,"['rdvi_skewness', 'ref_q3_3', 'tex_cont_cv_2', 'tex_cont_q3_4', 'tex_homo_cv_4', 'tex_homo_kurtosis_4', 'tex_dis_cv_1', 'tex_mean_q3_1']",0.7919405501525267,0.09683060291784092,0.5828174292898419,0.1454072686576124,0.5738215787084908
117,poly,10,0.0001,scale,8,"['rdvi_skewness', 'ref_q3_3', 'tex_cont_cv_2', 'tex_cont_q3_4', 'tex_homo_cv_4', 'tex_homo_kurtosis_4', 'tex_dis_cv_1', 'tex_mean_q3_1']",0.7905342360658721,0.09715730018727395,0.5770695138819557,0.14640554799690875,0.5679497190330491
127,poly,10,0.01,scale,8,"['rdvi_skewness', 'ref_q3_3', 'tex_cont_cv_2', 'tex_cont_q3_4', 'tex_homo_cv_4', 'tex_homo_kurtosis_4', 'tex_dis_cv_1', 'tex_mean_q3_1']",0.7987465881860629,0.09523367393697751,0.5631619981598774,0.14879325506379595,0.5537423107886619
88,rbf,100,0.1,scale,8,"['rdvi_skewness', 'ref_q3_3', 'tex_cont_cv_2', 'tex_cont_q3_4', 'tex_homo_cv_4', 'tex_homo_kurtosis_4', 'tex_dis_cv_1', 'tex_mean_q3_1']",0.8884436892022106,0.07090322427942039,0.5478713106838212,0.15137497050021,0.5381219049842809
144,poly,100,0.01,scale,8,"['rdvi_skewness', 'ref_q3_3', 'tex_cont_cv_2', 'tex_cont_q3_4', 'tex_homo_cv_4', 'tex_homo_kurtosis_4', 'tex_dis_cv_1', 'tex_mean_q3_1']",0.8039272800971415,0.09399992342213721,0.5096409360027119,0.15764497878857917,0.49906715564697524
89,rbf,100,0.1,scale,7,"['rdvi_skewness', 'ref_q3_3', 'tex_cont_q3_4', 'tex_homo_cv_4', 'tex_homo_kurtosis_4', 'tex_dis_cv_1', 'tex_mean_q3_1']",0.87947975155433,0.07369684947370456,0.481786425582134,0.16206059580237417,0.4720350948807226
140,poly,100,0.001,scale,8,"['rdvi_skewness', 'ref_q3_3', 'tex_cont_cv_2', 'tex_cont_q3_4', 'tex_homo_cv_4', 'tex_homo_kurtosis_4', 'tex_dis_cv_1', 'tex_mean_q3_1']",0.7877475584243144,0.09780144252327387,0.4658302408479641,0.164536663968455,0.45431175547541347
137,poly,100,0.0001,scale,8,"['rdvi_skewness', 'ref_q3_3', 'tex_cont_cv_2', 'tex_cont_q3_4', 'tex_homo_cv_4', 'tex_homo_kurtosis_4', 'tex_dis_cv_1', 'tex_mean_q3_1']",0.7858441479417122,0.09823898944438983,0.4581792762560536,0.16571081175253877,0.44649581051494425
83,rbf,100,0.01,scale,5,"['rdvi_skewness', 'tex_cont_q3_4', 'tex_homo_cv_4', 'tex_homo_kurtosis_4', 'tex_dis_cv_1']",0.9474035140584842,0.04868523579044678,0.44230925586397263,0.16812014544855153,0.4348534972525284
75,rbf,100,0.001,scale,5,"['rdvi_skewness', 'tex_cont_q3_4', 'tex_homo_cv_4', 'tex_homo_kurtosis_4', 'tex_dis_cv_1']",0.9452385843065159,0.049677101316676776,0.4367467254067431,0.16895649883106745,0.4292166014148546
67,rbf,100,0.0001,scale,5,"['rdvi_skewness', 'tex_cont_q3_4', 'tex_homo_cv_4', 'tex_homo_kurtosis_4', 'tex_dis_cv_1']",0.9450605004800134,0.04975781058528795,0.43579347596189255,0.1690994093209827,0.4282506079934687
81,rbf,100,0.01,scale,7,"['rdvi_skewness', 'ref_q3_3', 'tex_cont_q3_4', 'tex_homo_cv_4', 'tex_homo_kurtosis_4', 'tex_dis_cv_1', 'tex_mean_q3_1']",0.9751887320396003,0.03343823862253975,0.42000587193354033,0.17144895291093734,0.4090920039322897
66,rbf,100,0.0001,scale,6,"['rdvi_skewness', 'tex_cont_q3_4', 'tex_homo_cv_4', 'tex_homo_kurtosis_4', 'tex_dis_cv_1', 'tex_mean_q3_1']",0.9621620600480016,0.041293591287481106,0.37079487671317335,0.17857438529344133,0.3606736146763879
74,rbf,100,0.001,scale,6,"['rdvi_skewness', 'tex_cont_q3_4', 'tex_homo_cv_4', 'tex_homo_kurtosis_4', 'tex_dis_cv_1', 'tex_mean_q3_1']",0.9625861139055296,0.04106154846685016,0.3623244521007781,0.17977236040142933,0.352066936584973
84,rbf,100,0.01,scale,4,"['rdvi_skewness', 'tex_cont_q3_4', 'tex_homo_kurtosis_4', 'tex_dis_cv_1']",0.9263183423259456,0.05762336382594875,0.34832240461081443,0.18173535926446627,0.3413711769266631
95,rbf,100,0.1,scale,1,['tex_mean_q3_1'],0.4240871826299589,0.161100647223168,0.30699080266271506,0.18740990388943643,0.3051574449978016
133,poly,10,0.1,scale,7,"['rdvi_skewness', 'ref_q3_3', 'tex_cont_cv_2', 'tex_cont_q3_4', 'tex_homo_cv_4', 'tex_dis_cv_1', 'tex_mean_q3_1']",0.7882432200248004,0.09768718057803628,0.29731683954975974,0.18871343147388622,0.2840943069606422
76,rbf,100,0.001,scale,4,"['rdvi_skewness', 'tex_cont_q3_4', 'tex_homo_kurtosis_4', 'tex_dis_cv_1']",0.9226388731300601,0.05904461657466081,0.28033719667995105,0.19097985832594397,0.2726607934445372
68,rbf,100,0.0001,scale,4,"['rdvi_skewness', 'tex_cont_q3_4', 'tex_homo_kurtosis_4', 'tex_dis_cv_1']",0.922130872786397,0.05923816084479572,0.2734220539051241,0.1918952145444254,0.26567188914677864
132,poly,10,0.1,scale,8,"['rdvi_skewness', 'ref_q3_3', 'tex_cont_cv_2', 'tex_cont_q3_4', 'tex_homo_cv_4', 'tex_homo_kurtosis_4', 'tex_dis_cv_1', 'tex_mean_q3_1']",0.8113591411592727,0.09220124716774833,0.21732088592091237,0.1991658669672673,0.20044370825882973
85,rbf,100,0.01,scale,3,"['rdvi_skewness', 'tex_cont_q3_4', 'tex_dis_cv_1']",0.8593584151281172,0.0796114967442195,0.19621292273208102,0.2018336381007977,0.18979972796664546
82,rbf,100,0.01,scale,6,"['rdvi_skewness', 'ref_q3_3', 'tex_cont_q3_4', 'tex_homo_cv_4', 'tex_homo_kurtosis_4', 'tex_dis_cv_1']",0.9675155427885938,0.03826103556224095,0.16651385893994153,0.2055285840148592,0.15310657516953852
77,rbf,100,0.001,scale,3,"['rdvi_skewness', 'tex_cont_q3_4', 'tex_dis_cv_1']",0.8552948251998177,0.08075342370911615,0.14917171279437347,0.20765576799447946,0.14238318922624338
69,rbf,100,0.0001,scale,3,"['rdvi_skewness', 'tex_cont_q3_4', 'tex_dis_cv_1']",0.854967666784835,0.0808446583400778,0.136735265630184,0.20916790114440575,0.12984751508999937
148,poly,100,0.1,scale,8,"['rdvi_skewness', 'ref_q3_3', 'tex_cont_cv_2', 'tex_cont_q3_4', 'tex_homo_cv_4', 'tex_homo_kurtosis_4', 'tex_dis_cv_1', 'tex_mean_q3_1']",0.8257901876926592,0.08860438582304346,-1.062327644452862,0.3232971457150262,-1.106798321422196
149,poly,100,0.1,scale,7,"['rdvi_skewness', 'ref_q3_3', 'tex_cont_cv_2', 'tex_cont_q3_4', 'tex_homo_cv_4', 'tex_homo_kurtosis_4', 'tex_dis_cv_1']",0.7794295780036011,0.09969940125277511,-1.0689277063499976,0.3238140559938819,-1.1078591416845405
239,sigmoid,1,0.0001,scale,8,"['rdvi_skewness', 'ref_q3_3', 'tex_cont_cv_2', 'tex_cont_q3_4', 'tex_homo_cv_4', 'tex_homo_kurtosis_4', 'tex_dis_cv_1', 'tex_mean_q3_1']",-911.7953610094339,6.4136554483646036,-886.4955524286943,6.7066575512482025,-905.6329228314694
240,sigmoid,1,0.001,scale,8,"['rdvi_skewness', 'ref_q3_3', 'tex_cont_cv_2', 'tex_cont_q3_4', 'tex_homo_cv_4', 'tex_homo_kurtosis_4', 'tex_dis_cv_1', 'tex_mean_q3_1']",-912.158337578671,6.414930528936418,-886.8588147173687,6.708029967434817,-906.0040182692258
242,sigmoid,1,0.1,scale,8,"['rdvi_skewness', 'ref_q3_3', 'tex_cont_cv_2', 'tex_cont_q3_4', 'tex_homo_cv_4', 'tex_homo_kurtosis_4', 'tex_dis_cv_1', 'tex_mean_q3_1']",-926.4460025158235,6.4649211143450565,-897.3347179167573,6.747488154619985,-916.7058169553936
241,sigmoid,1,0.01,scale,8,"['rdvi_skewness', 'ref_q3_3', 'tex_cont_cv_2', 'tex_cont_q3_4', 'tex_homo_cv_4', 'tex_homo_kurtosis_4', 'tex_dis_cv_1', 'tex_mean_q3_1']",-855.3611711732352,6.212228144335149,-909.4176453814437,6.792714664654634,-929.0492927212052
245,sigmoid,10,0.01,scale,8,"['rdvi_skewness', 'ref_q3_3', 'tex_cont_cv_2', 'tex_cont_q3_4', 'tex_homo_cv_4', 'tex_homo_kurtosis_4', 'tex_dis_cv_1', 'tex_mean_q3_1']",-89705.18970730822,63.58140466144869,-86449.09667759409,66.19204219077665,-88313.24970568238
244,sigmoid,10,0.001,scale,8,"['rdvi_skewness', 'ref_q3_3', 'tex_cont_cv_2', 'tex_cont_q3_4', 'tex_homo_cv_4', 'tex_homo_kurtosis_4', 'tex_dis_cv_1', 'tex_mean_q3_1']",-89722.29409328224,63.58746594359022,-86467.96932712685,66.19926688508752,-88332.52931261745
243,sigmoid,10,0.0001,scale,8,"['rdvi_skewness', 'ref_q3_3', 'tex_cont_cv_2', 'tex_cont_q3_4', 'tex_homo_cv_4', 'tex_homo_kurtosis_4', 'tex_dis_cv_1', 'tex_mean_q3_1']",-89724.2220369466,63.58814911285403,-86470.16913845263,66.20010895000398,-88334.77655922789
246,sigmoid,10,0.1,scale,8,"['rdvi_skewness', 'ref_q3_3', 'tex_cont_cv_2', 'tex_cont_q3_4', 'tex_homo_cv_4', 'tex_homo_kurtosis_4', 'tex_dis_cv_1', 'tex_mean_q3_1']",-91726.57535760607,64.29376671273862,-87532.51764895703,66.60552095491207,-89420.03285432537
247,sigmoid,100,0.0001,scale,8,"['rdvi_skewness', 'ref_q3_3', 'tex_cont_cv_2', 'tex_cont_q3_4', 'tex_homo_cv_4', 'tex_homo_kurtosis_4', 'tex_dis_cv_1', 'tex_mean_q3_1']",-8896256.09909376,633.1732749262037,-8524043.366653547,657.2731470100524,-8707850.253266022
248,sigmoid,100,0.001,scale,8,"['rdvi_skewness', 'ref_q3_3', 'tex_cont_cv_2', 'tex_cont_q3_4', 'tex_homo_cv_4', 'tex_homo_kurtosis_4', 'tex_dis_cv_1', 'tex_mean_q3_1']",-8896261.126023741,633.1734538170133,-8524052.249000875,657.2734894605729,-8707859.327146446
249,sigmoid,100,0.01,scale,8,"['rdvi_skewness', 'ref_q3_3', 'tex_cont_cv_2', 'tex_cont_q3_4', 'tex_homo_cv_4', 'tex_homo_kurtosis_4', 'tex_dis_cv_1', 'tex_mean_q3_1']",-8896311.398074986,633.1752428202428,-8524141.074914403,657.2769140500457,-8707950.068443555
250,sigmoid,100,0.1,scale,8,"['rdvi_skewness', 'ref_q3_3', 'tex_cont_cv_2', 'tex_cont_q3_4', 'tex_homo_cv_4', 'tex_homo_kurtosis_4', 'tex_dis_cv_1', 'tex_mean_q3_1']",-8896810.838375516,633.1930158469303,-8525025.955364412,657.311028708921,-8708854.029873617
